[  debug  ] (2025-08-14 19:33:00) Logger created                      - 
[  debug  ] (2025-08-14 22:25:16) Logger created                      - 
[  debug  ] (2025-08-14 22:37:33) Logger created                      - 
[  debug  ] (2025-08-14 22:38:32) Logger created                      - 
[  debug  ] (2025-08-14 22:41:53) Logger created                      - 
[  debug  ] (2025-08-14 22:42:25) Logger created                      - 
[  info   ] (2025-08-14 22:42:25) Started !                           - 
[  info   ] (2025-08-14 22:42:25) 0                                   - 
[  info   ] (2025-08-14 22:42:27) 1000000                             - 
[  info   ] (2025-08-14 22:42:29) 2000000                             - 
[  info   ] (2025-08-14 22:42:31) 3000000                             - 
[  info   ] (2025-08-14 22:42:31) Stoped !                            - 
[  debug  ] (2025-08-14 22:44:19) Logger created                      - 
[  info   ] (2025-08-14 22:44:19) Started !                           - 
[  info   ] (2025-08-14 22:44:19) 0                                   - 
[  info   ] (2025-08-14 22:44:21) 1000000                             - 
[  info   ] (2025-08-14 22:44:22) 2000000                             - 
[  info   ] (2025-08-14 22:44:24) 3000000                             - 
[  info   ] (2025-08-14 22:44:26) 4000000                             - 
[  info   ] (2025-08-14 22:44:28) Stoped !                            - 
[  debug  ] (2025-08-14 22:44:35) Logger created                      - 
[  info   ] (2025-08-14 22:44:35) Started !                           - 
[  info   ] (2025-08-14 22:44:35) 0                                   - 
[  error  ] (2025-08-14 22:44:36) CommandNotFound:                    - args='Command `jsjs` not found. Type help to see commands that you can use `help` or `h`.'
[  info   ] (2025-08-14 22:44:36) 1000000                             - 
[  info   ] (2025-08-14 22:44:38) 2000000                             - 
[  info   ] (2025-08-14 22:44:40) 3000000                             - 
[  info   ] (2025-08-14 22:44:42) 4000000                             - 
[  info   ] (2025-08-14 22:44:43) 5000000                             - 
[  info   ] (2025-08-14 22:44:45) 6000000                             - 
[  info   ] (2025-08-14 22:44:47) 7000000                             - 
[  info   ] (2025-08-14 22:44:49) 8000000                             - 
[  info   ] (2025-08-14 22:44:50) 9000000                             - 
[  info   ] (2025-08-14 22:44:52) 10000000                            - 
[  info   ] (2025-08-14 22:44:54) Stoped !                            - 
[  debug  ] (2025-08-14 22:46:07) Logger created                      - 
[  info   ] (2025-08-14 22:46:07) Started !                           - 
[  info   ] (2025-08-14 22:46:07) 0                                   - 
[  info   ] (2025-08-14 22:46:09) 1000000                             - 
[  info   ] (2025-08-14 22:46:11) 2000000                             - 
[  error  ] (2025-08-14 22:46:11) masthon.ExceptionsCommandNotFound:  - 
[  info   ] (2025-08-14 22:46:12) 3000000                             - 
[  info   ] (2025-08-14 22:46:14) 4000000                             - 
[  info   ] (2025-08-14 22:46:16) 5000000                             - 
[  info   ] (2025-08-14 22:46:18) 6000000                             - 
[  error  ] (2025-08-14 22:46:19) masthon.ExceptionsCommandNotFound: Command `command` not found. Type help to see commands that you can use `help` or `h`. - 
[  info   ] (2025-08-14 22:46:19) 7000000                             - 
[  info   ] (2025-08-14 22:46:21) 8000000                             - 
[  info   ] (2025-08-14 22:46:23) 9000000                             - 
[  info   ] (2025-08-14 22:46:25) 10000000                            - 
[  info   ] (2025-08-14 22:46:26) 11000000                            - 
[  info   ] (2025-08-14 22:46:28) 12000000                            - 
[  info   ] (2025-08-14 22:46:30) 13000000                            - 
[  info   ] (2025-08-14 22:46:32) 14000000                            - 
[  info   ] (2025-08-14 22:46:34) 15000000                            - 
[  info   ] (2025-08-14 22:46:34) Stoped !                            - 
[  debug  ] (2025-08-14 22:48:16) Logger created                      - 
[  info   ] (2025-08-14 22:48:16) Started !                           - 
[  info   ] (2025-08-14 22:48:16) 0                                   - 
[  info   ] (2025-08-14 22:48:21) 3000000                             - 
[  info   ] (2025-08-14 22:48:26) 6000000                             - 
[  info   ] (2025-08-14 22:48:29) Stoped !                            - 
[  debug  ] (2025-08-14 22:49:14) Logger created                      - 
[  info   ] (2025-08-14 22:49:14) Started !                           - 
[  info   ] (2025-08-14 22:49:14) 0                                   - 
[  error  ] (2025-08-14 22:49:16) masthon.ExceptionsCommandExecutionError: 'An exception as occured while executing the command named `test`.' TypeError("test() missing 1 required positional argument: 't'") - 
[  info   ] (2025-08-14 22:49:19) 3000000                             - 
[  info   ] (2025-08-14 22:49:24) 6000000                             - 
[  info   ] (2025-08-14 22:49:30) 9000000                             - 
[  info   ] (2025-08-14 22:49:35) 12000000                            - 
[critical ] (2025-08-14 22:49:36) What's going on ???                 - t='hdz'
[  info   ] (2025-08-14 22:49:40) 15000000                            - 
[  info   ] (2025-08-14 22:49:41) Stoped !                            - 
[  debug  ] (2025-08-14 22:51:47) Logger created                      - 
[  info   ] (2025-08-14 22:51:47) Started !                           - 
[  info   ] (2025-08-14 22:51:47) 0                                   - 
[ warning ] (2025-08-14 22:51:50) Deprecated use of function __main__.test() - 
[  error  ] (2025-08-14 22:51:50) masthon.ExceptionsCommandExecutionError: 'An exception as occured while executing the command named `test`.' TypeError("test() missing 1 required positional argument: 't'") - 
[  info   ] (2025-08-14 22:51:53) 3000000                             - 
[  info   ] (2025-08-14 22:51:53) Stoped !                            - 
[  debug  ] (2025-08-15 11:44:24) Logger created                      - 
[  info   ] (2025-08-15 11:44:24) Started !                           - 
[  info   ] (2025-08-15 11:44:29) 0                                   - 
[  info   ] (2025-08-15 11:44:33) Stoped !                            - 
[  debug  ] (2025-08-15 11:45:13) Logger created                      - 
[  info   ] (2025-08-15 11:45:13) Started !                           - 
[  info   ] (2025-08-15 11:45:26) 0                                   - 
[  info   ] (2025-08-15 11:45:42) Stoped !                            - 
[  debug  ] (2025-08-15 11:49:59) Logger created                      - 
[  info   ] (2025-08-15 11:49:59) Started !                           - 
[  info   ] (2025-08-15 11:50:02) 0                                   - 
[  info   ] (2025-08-15 11:50:09) Stoped !                            - 
[  debug  ] (2025-08-15 11:50:54) Logger created                      - 
[  info   ] (2025-08-15 11:50:54) Started !                           - 
[  info   ] (2025-08-15 11:50:58) 0                                   - 
[  info   ] (2025-08-15 11:51:11) Stoped !                            - 
[  debug  ] (2025-08-15 11:52:12) Logger created                      - 
[  info   ] (2025-08-15 11:52:12) Started !                           - 
[  info   ] (2025-08-15 11:52:14) 0                                   - 
[  info   ] (2025-08-15 11:52:25) Stoped !                            - 
[  debug  ] (2025-08-15 11:56:39) Logger created                      - 
[  info   ] (2025-08-15 11:56:40) Started !                           - 
[  info   ] (2025-08-15 11:56:43) 0                                   - 
[  info   ] (2025-08-15 13:20:09) Stoped !                            - 
[  debug  ] (2025-08-15 13:32:07) Logger created                      - 
[  info   ] (2025-08-15 13:32:07) Started !                           - 
[  info   ] (2025-08-15 13:32:09) Stoped !                            - 
[  debug  ] (2025-08-15 13:32:51) Logger created                      - 
[  info   ] (2025-08-15 13:32:51) Started !                           - 
[  info   ] (2025-08-15 13:32:53) 0                                   - 
[  info   ] (2025-08-15 13:34:07) Stoped !                            - 
[  debug  ] (2025-08-15 13:34:48) Logger created                      - 
[  info   ] (2025-08-15 13:34:48) Started !                           - 
[  info   ] (2025-08-15 13:34:52) 0                                   - 
[  info   ] (2025-08-15 13:35:11) Stoped !                            - 
[  debug  ] (2025-08-15 13:35:36) Logger created                      - 
[  info   ] (2025-08-15 13:35:36) Started !                           - 
[  info   ] (2025-08-15 13:35:39) Stoped !                            - 
[  debug  ] (2025-08-15 13:35:51) Logger created                      - 
[  info   ] (2025-08-15 13:35:51) Started !                           - 
[  info   ] (2025-08-15 13:35:54) 0                                   - 
[  info   ] (2025-08-15 13:36:00) Stoped !                            - 
[  debug  ] (2025-08-15 13:37:22) Logger created                      - 
[  info   ] (2025-08-15 13:37:22) Started !                           - 
[  info   ] (2025-08-15 13:37:24) 0                                   - 
[  info   ] (2025-08-15 13:37:25) Command entered:                    - input=''
[  info   ] (2025-08-15 13:37:32) Stoped !                            - 
[  debug  ] (2025-08-15 13:39:10) Logger created                      - 
[  info   ] (2025-08-15 13:39:11) Started !                           - 
[  info   ] (2025-08-15 13:39:13) 0                                   - 
[  info   ] (2025-08-15 13:39:29) Command entered:                    - input='~t'
[  error  ] (2025-08-15 13:39:29) masthon.Exceptions.CommandNotFound: 'Command `~t` not found. Type help to see commands that you can use `help` or `h`.' - 
[  info   ] (2025-08-15 13:40:01) Stoped !                            - 
[  debug  ] (2025-08-15 13:40:15) Logger created                      - 
[  info   ] (2025-08-15 13:40:15) Started !                           - 
[  info   ] (2025-08-15 13:40:20) 0                                   - 
[  info   ] (2025-08-15 13:40:25) Command entered:                    - input='jkdddd'
[  error  ] (2025-08-15 13:40:25) masthon.Exceptions.CommandNotFound: 'Command `jkdddd` not found. Type help to see commands that you can use `help` or `h`.' - 
[  info   ] (2025-08-15 13:40:28) Command entered:                    - input='test'
[ warning ] (2025-08-15 13:40:28) Deprecated use of function __main__.test() - 
[  error  ] (2025-08-15 13:40:28) masthon.Exceptions.CommandExecutionError: 'An exception as occured while executing the command named `test`.' TypeError("test() missing 1 required positional argument: 't'") - 
[  info   ] (2025-08-15 13:40:38) Command entered:                    - input='test hehe'
[ warning ] (2025-08-15 13:40:38) Deprecated use of function __main__.test() - 
[critical ] (2025-08-15 13:40:38) What's going on ???                 - t='hehe'
[  info   ] (2025-08-15 13:42:10) Stoped !                            - 
[  debug  ] (2025-08-15 13:54:19) Logger created                      - 
[  info   ] (2025-08-15 13:54:19) Started !                           - 
[  info   ] (2025-08-15 13:54:21) 0                                   - 
[  info   ] (2025-08-15 13:54:22) Command entered:                    - input='test'
[ warning ] (2025-08-15 13:54:22) Deprecated use of function __main__.test() - 
[  error  ] (2025-08-15 13:54:22) masthon.Exceptions.CommandExecutionError: 'An exception as occured while executing the command named `test`.' TypeError("test() missing 1 required positional argument: 't'") - 
[  info   ] (2025-08-15 13:54:31) Command entered:                    - input='testeststststssst'
[  error  ] (2025-08-15 13:54:31) masthon.Exceptions.CommandNotFound: 'Command `testeststststssst` not found. Type help to see commands that you can use `help` or `h`.' - 
[  info   ] (2025-08-15 13:54:36) Command entered:                    - input='test t'
[ warning ] (2025-08-15 13:54:36) Deprecated use of function __main__.test() - 
[critical ] (2025-08-15 13:54:36) What's going on ???                 - t='t'
[  info   ] (2025-08-15 13:54:47) Command entered:                    - input='input ....'
[  error  ] (2025-08-15 13:54:47) masthon.Exceptions.CommandNotFound: 'Command `input` not found. Type help to see commands that you can use `help` or `h`.' - 
[  info   ] (2025-08-15 13:54:57) Command entered:                    - input='hey'
[  error  ] (2025-08-15 13:54:57) masthon.Exceptions.CommandNotFound: 'Command `hey` not found. Type help to see commands that you can use `help` or `h`.' - 
[  info   ] (2025-08-15 13:55:16) Command entered:                    - input='eeeeeeeee'
[  error  ] (2025-08-15 13:55:16) masthon.Exceptions.CommandNotFound: 'Command `eeeeeeeee` not found. Type help to see commands that you can use `help` or `h`.' - 
[  info   ] (2025-08-15 13:55:23) Command entered:                    - input='shshs'
[  error  ] (2025-08-15 13:55:23) masthon.Exceptions.CommandNotFound: 'Command `shshs` not found. Type help to see commands that you can use `help` or `h`.' - 
[  info   ] (2025-08-15 13:55:36) Command entered:                    - input='jqs'
[  error  ] (2025-08-15 13:55:36) masthon.Exceptions.CommandNotFound: 'Command `jqs` not found. Type help to see commands that you can use `help` or `h`.' - 
[  info   ] (2025-08-15 13:55:37) Command entered:                    - input='jSA'
[  error  ] (2025-08-15 13:55:37) masthon.Exceptions.CommandNotFound: 'Command `jSA` not found. Type help to see commands that you can use `help` or `h`.' - 
[  info   ] (2025-08-15 13:55:38) Command entered:                    - input='JAS'
[  error  ] (2025-08-15 13:55:38) masthon.Exceptions.CommandNotFound: 'Command `JAS` not found. Type help to see commands that you can use `help` or `h`.' - 
[  info   ] (2025-08-15 13:55:38) Command entered:                    - input='jqzd'
[  error  ] (2025-08-15 13:55:38) masthon.Exceptions.CommandNotFound: 'Command `jqzd` not found. Type help to see commands that you can use `help` or `h`.' - 
[  info   ] (2025-08-15 13:55:39) Command entered:                    - input='jzqkqz'
[  error  ] (2025-08-15 13:55:39) masthon.Exceptions.CommandNotFound: 'Command `jzqkqz` not found. Type help to see commands that you can use `help` or `h`.' - 
[  info   ] (2025-08-15 13:55:43) Command entered:                    - input='dd'
[  error  ] (2025-08-15 13:55:43) masthon.Exceptions.CommandNotFound: 'Command `dd` not found. Type help to see commands that you can use `help` or `h`.' - 
[  info   ] (2025-08-15 13:55:45) Stoped !                            - 
[  debug  ] (2025-08-15 13:57:51) Logger created                      - 
[  info   ] (2025-08-15 13:57:51) Started !                           - 
[  info   ] (2025-08-15 13:57:54) 0                                   - 
[  info   ] (2025-08-15 13:57:54) Command entered:                    - input='hey'
[  error  ] (2025-08-15 13:57:54) masthon.Exceptions.CommandNotFound: 'Command `hey` not found. Type help to see commands that you can use `help` or `h`.' - 
[  info   ] (2025-08-15 13:58:01) Command entered:                    - input='hello wolrd'
[  error  ] (2025-08-15 13:58:01) masthon.Exceptions.CommandNotFound: 'Command `hello` not found. Type help to see commands that you can use `help` or `h`.' - 
[  info   ] (2025-08-15 13:58:04) Command entered:                    - input='test hello'
[ warning ] (2025-08-15 13:58:04) Deprecated use of function __main__.test() - 
[critical ] (2025-08-15 13:58:04) What's going on ???                 - t='hello'
[  info   ] (2025-08-15 13:58:10) Command entered:                    - input='test hello world'
[ warning ] (2025-08-15 13:58:10) Deprecated use of function __main__.test() - 
[  error  ] (2025-08-15 13:58:10) masthon.Exceptions.CommandExecutionError: 'An exception as occured while executing the command named `test`.' TypeError('test() takes 2 positional arguments but 3 were given') - 
[  info   ] (2025-08-15 13:58:23) Command entered:                    - input='lsgss'
[  error  ] (2025-08-15 13:58:23) masthon.Exceptions.CommandNotFound: 'Command `lsgss` not found. Type help to see commands that you can use `help` or `h`.' - 
[  info   ] (2025-08-15 13:58:24) Command entered:                    - input='soah'
[  error  ] (2025-08-15 13:58:24) masthon.Exceptions.CommandNotFound: 'Command `soah` not found. Type help to see commands that you can use `help` or `h`.' - 
[  info   ] (2025-08-15 13:58:24) Command entered:                    - input='moaush'
[  error  ] (2025-08-15 13:58:24) masthon.Exceptions.CommandNotFound: 'Command `moaush` not found. Type help to see commands that you can use `help` or `h`.' - 
[  info   ] (2025-08-15 13:58:25) Command entered:                    - input='moas'
[  error  ] (2025-08-15 13:58:25) masthon.Exceptions.CommandNotFound: 'Command `moas` not found. Type help to see commands that you can use `help` or `h`.' - 
[  info   ] (2025-08-15 13:58:26) Command entered:                    - input='mpias'
[  error  ] (2025-08-15 13:58:26) masthon.Exceptions.CommandNotFound: 'Command `mpias` not found. Type help to see commands that you can use `help` or `h`.' - 
[  info   ] (2025-08-15 13:58:27) Command entered:                    - input='moiahs'
[  error  ] (2025-08-15 13:58:27) masthon.Exceptions.CommandNotFound: 'Command `moiahs` not found. Type help to see commands that you can use `help` or `h`.' - 
[  info   ] (2025-08-15 13:58:28) Command entered:                    - input='moias'
[  error  ] (2025-08-15 13:58:28) masthon.Exceptions.CommandNotFound: 'Command `moias` not found. Type help to see commands that you can use `help` or `h`.' - 
[  info   ] (2025-08-15 13:58:31) Command entered:                    - input='lozd'
[  error  ] (2025-08-15 13:58:31) masthon.Exceptions.CommandNotFound: 'Command `lozd` not found. Type help to see commands that you can use `help` or `h`.' - 
[  info   ] (2025-08-15 13:58:32) Command entered:                    - input='luqhd'
[  error  ] (2025-08-15 13:58:32) masthon.Exceptions.CommandNotFound: 'Command `luqhd` not found. Type help to see commands that you can use `help` or `h`.' - 
[  info   ] (2025-08-15 13:58:33) Command entered:                    - input='moiqhdz'
[  error  ] (2025-08-15 13:58:33) masthon.Exceptions.CommandNotFound: 'Command `moiqhdz` not found. Type help to see commands that you can use `help` or `h`.' - 
[  info   ] (2025-08-15 13:58:50) Command entered:                    - input='zd'
[  error  ] (2025-08-15 13:58:50) masthon.Exceptions.CommandNotFound: 'Command `zd` not found. Type help to see commands that you can use `help` or `h`.' - 
[  info   ] (2025-08-15 13:58:51) Command entered:                    - input='qz'
[  error  ] (2025-08-15 13:58:51) masthon.Exceptions.CommandNotFound: 'Command `qz` not found. Type help to see commands that you can use `help` or `h`.' - 
[  info   ] (2025-08-15 13:58:53) Command entered:                    - input='z'
[  error  ] (2025-08-15 13:58:53) masthon.Exceptions.CommandNotFound: 'Command `z` not found. Type help to see commands that you can use `help` or `h`.' - 
[  info   ] (2025-08-15 13:58:55) Command entered:                    - input='dzq'
[  error  ] (2025-08-15 13:58:55) masthon.Exceptions.CommandNotFound: 'Command `dzq` not found. Type help to see commands that you can use `help` or `h`.' - 
[  info   ] (2025-08-15 14:00:47) Stoped !                            - 
[  debug  ] (2025-08-15 14:01:53) Logger created                      - 
[  info   ] (2025-08-15 14:01:53) Started !                           - 
[  info   ] (2025-08-15 14:01:55) 0                                   - 
[  info   ] (2025-08-15 14:01:56) Command entered:                    - input='test'
[ warning ] (2025-08-15 14:01:56) Deprecated use of function __main__.test() - 
[  error  ] (2025-08-15 14:01:56) masthon.Exceptions.CommandExecutionError: 'An exception as occured while executing the command named `test`.' TypeError("test() missing 1 required positional argument: 't'") - 
[  info   ] (2025-08-15 14:01:59) Command entered:                    - input='test'
[ warning ] (2025-08-15 14:01:59) Deprecated use of function __main__.test() - 
[  error  ] (2025-08-15 14:01:59) masthon.Exceptions.CommandExecutionError: 'An exception as occured while executing the command named `test`.' TypeError("test() missing 1 required positional argument: 't'") - 
[  info   ] (2025-08-15 14:02:03) Command entered:                    - input='test 5'
[ warning ] (2025-08-15 14:02:03) Deprecated use of function __main__.test() - 
[critical ] (2025-08-15 14:02:03) What's going on ???                 - t='5'
[  info   ] (2025-08-15 14:02:07) Command entered:                    - input='qz'
[  error  ] (2025-08-15 14:02:07) masthon.Exceptions.CommandNotFound: 'Command `qz` not found. Type help to see commands that you can use `help` or `h`.' - 
[  info   ] (2025-08-15 14:02:08) Command entered:                    - input='qdzi'
[  error  ] (2025-08-15 14:02:08) masthon.Exceptions.CommandNotFound: 'Command `qdzi` not found. Type help to see commands that you can use `help` or `h`.' - 
[  info   ] (2025-08-15 14:02:08) Command entered:                    - input='zqo'
[  error  ] (2025-08-15 14:02:08) masthon.Exceptions.CommandNotFound: 'Command `zqo` not found. Type help to see commands that you can use `help` or `h`.' - 
[  info   ] (2025-08-15 14:02:09) Command entered:                    - input='moizd'
[  error  ] (2025-08-15 14:02:09) masthon.Exceptions.CommandNotFound: 'Command `moizd` not found. Type help to see commands that you can use `help` or `h`.' - 
[  info   ] (2025-08-15 14:02:10) Command entered:                    - input='modz'
[  error  ] (2025-08-15 14:02:10) masthon.Exceptions.CommandNotFound: 'Command `modz` not found. Type help to see commands that you can use `help` or `h`.' - 
[  info   ] (2025-08-15 14:02:11) Command entered:                    - input='mzh'
[  error  ] (2025-08-15 14:02:11) masthon.Exceptions.CommandNotFound: 'Command `mzh` not found. Type help to see commands that you can use `help` or `h`.' - 
[  info   ] (2025-08-15 14:02:12) Command entered:                    - input='!bzq'
[  error  ] (2025-08-15 14:02:12) masthon.Exceptions.CommandNotFound: 'Command `!bzq` not found. Type help to see commands that you can use `help` or `h`.' - 
[  info   ] (2025-08-15 14:02:13) Command entered:                    - input='moz'
[  error  ] (2025-08-15 14:02:13) masthon.Exceptions.CommandNotFound: 'Command `moz` not found. Type help to see commands that you can use `help` or `h`.' - 
[  info   ] (2025-08-15 14:02:14) Command entered:                    - input='pzi'
[  error  ] (2025-08-15 14:02:14) masthon.Exceptions.CommandNotFound: 'Command `pzi` not found. Type help to see commands that you can use `help` or `h`.' - 
[  info   ] (2025-08-15 14:02:15) Command entered:                    - input='mohz'
[  error  ] (2025-08-15 14:02:15) masthon.Exceptions.CommandNotFound: 'Command `mohz` not found. Type help to see commands that you can use `help` or `h`.' - 
[  info   ] (2025-08-15 14:02:15) Command entered:                    - input='moqizh'
[  error  ] (2025-08-15 14:02:15) masthon.Exceptions.CommandNotFound: 'Command `moqizh` not found. Type help to see commands that you can use `help` or `h`.' - 
[  info   ] (2025-08-15 14:02:16) Command entered:                    - input='oiqdz*'
[  error  ] (2025-08-15 14:02:16) masthon.Exceptions.CommandNotFound: 'Command `oiqdz*` not found. Type help to see commands that you can use `help` or `h`.' - 
[  info   ] (2025-08-15 14:02:22) Command entered:                    - input='jzd'
[  error  ] (2025-08-15 14:02:22) masthon.Exceptions.CommandNotFound: 'Command `jzd` not found. Type help to see commands that you can use `help` or `h`.' - 
[  info   ] (2025-08-15 14:02:23) Command entered:                    - input='jqz'
[  error  ] (2025-08-15 14:02:23) masthon.Exceptions.CommandNotFound: 'Command `jqz` not found. Type help to see commands that you can use `help` or `h`.' - 
[  info   ] (2025-08-15 14:02:23) Command entered:                    - input='dzq'
[  error  ] (2025-08-15 14:02:23) masthon.Exceptions.CommandNotFound: 'Command `dzq` not found. Type help to see commands that you can use `help` or `h`.' - 
[  info   ] (2025-08-15 14:02:24) Command entered:                    - input='dzq'
[  error  ] (2025-08-15 14:02:24) masthon.Exceptions.CommandNotFound: 'Command `dzq` not found. Type help to see commands that you can use `help` or `h`.' - 
[  info   ] (2025-08-15 14:02:24) Command entered:                    - input='z'
[  error  ] (2025-08-15 14:02:24) masthon.Exceptions.CommandNotFound: 'Command `z` not found. Type help to see commands that you can use `help` or `h`.' - 
[  info   ] (2025-08-15 14:02:24) Command entered:                    - input='zq'
[  error  ] (2025-08-15 14:02:24) masthon.Exceptions.CommandNotFound: 'Command `zq` not found. Type help to see commands that you can use `help` or `h`.' - 
[  info   ] (2025-08-15 14:02:27) Command entered:                    - input='zd'
[  error  ] (2025-08-15 14:02:27) masthon.Exceptions.CommandNotFound: 'Command `zd` not found. Type help to see commands that you can use `help` or `h`.' - 
[  info   ] (2025-08-15 14:02:27) Command entered:                    - input='zdq'
[  error  ] (2025-08-15 14:02:27) masthon.Exceptions.CommandNotFound: 'Command `zdq` not found. Type help to see commands that you can use `help` or `h`.' - 
[  info   ] (2025-08-15 14:02:28) Command entered:                    - input='z'
[  error  ] (2025-08-15 14:02:28) masthon.Exceptions.CommandNotFound: 'Command `z` not found. Type help to see commands that you can use `help` or `h`.' - 
[  info   ] (2025-08-15 14:02:56) Stoped !                            - 
[  debug  ] (2025-08-15 14:03:00) Logger created                      - 
[  info   ] (2025-08-15 14:03:00) Started !                           - 
[  info   ] (2025-08-15 14:03:03) 0                                   - 
[  info   ] (2025-08-15 14:03:03) Command entered:                    - input='test'
[ warning ] (2025-08-15 14:03:03) Deprecated use of function __main__.test() - 
[  error  ] (2025-08-15 14:03:03) masthon.Exceptions.CommandExecutionError: 'An exception as occured while executing the command named `test`.' TypeError("test() missing 1 required positional argument: 't'") - 
[  info   ] (2025-08-15 14:03:05) Command entered:                    - input='test l'
[ warning ] (2025-08-15 14:03:05) Deprecated use of function __main__.test() - 
[critical ] (2025-08-15 14:03:05) What's going on ???                 - t='l'
[  info   ] (2025-08-15 14:03:06) Command entered:                    - input='iugz'
[  error  ] (2025-08-15 14:03:06) masthon.Exceptions.CommandNotFound: 'Command `iugz` not found. Type help to see commands that you can use `help` or `h`.' - 
[  info   ] (2025-08-15 14:03:07) Command entered:                    - input='qdz'
[  error  ] (2025-08-15 14:03:07) masthon.Exceptions.CommandNotFound: 'Command `qdz` not found. Type help to see commands that you can use `help` or `h`.' - 
[  info   ] (2025-08-15 14:03:07) Command entered:                    - input='dz'
[  error  ] (2025-08-15 14:03:07) masthon.Exceptions.CommandNotFound: 'Command `dz` not found. Type help to see commands that you can use `help` or `h`.' - 
[  info   ] (2025-08-15 14:03:07) Command entered:                    - input='qzd'
[  error  ] (2025-08-15 14:03:07) masthon.Exceptions.CommandNotFound: 'Command `qzd` not found. Type help to see commands that you can use `help` or `h`.' - 
[  info   ] (2025-08-15 14:03:08) Command entered:                    - input='dqqd'
[  error  ] (2025-08-15 14:03:08) masthon.Exceptions.CommandNotFound: 'Command `dqqd` not found. Type help to see commands that you can use `help` or `h`.' - 
[  info   ] (2025-08-15 14:03:08) Command entered:                    - input='zqzqdzz'
[  error  ] (2025-08-15 14:03:08) masthon.Exceptions.CommandNotFound: 'Command `zqzqdzz` not found. Type help to see commands that you can use `help` or `h`.' - 
[  info   ] (2025-08-15 14:03:09) Command entered:                    - input=''
[  info   ] (2025-08-15 14:03:09) Command entered:                    - input='zz'
[  error  ] (2025-08-15 14:03:09) masthon.Exceptions.CommandNotFound: 'Command `zz` not found. Type help to see commands that you can use `help` or `h`.' - 
[  info   ] (2025-08-15 14:03:09) Command entered:                    - input='qzqdz'
[  error  ] (2025-08-15 14:03:09) masthon.Exceptions.CommandNotFound: 'Command `qzqdz` not found. Type help to see commands that you can use `help` or `h`.' - 
[  info   ] (2025-08-15 14:03:09) Command entered:                    - input='z'
[  error  ] (2025-08-15 14:03:09) masthon.Exceptions.CommandNotFound: 'Command `z` not found. Type help to see commands that you can use `help` or `h`.' - 
[  info   ] (2025-08-15 14:03:10) Command entered:                    - input='qz'
[  error  ] (2025-08-15 14:03:10) masthon.Exceptions.CommandNotFound: 'Command `qz` not found. Type help to see commands that you can use `help` or `h`.' - 
[  info   ] (2025-08-15 14:03:13) Command entered:                    - input=''
[  info   ] (2025-08-15 14:03:15) Command entered:                    - input=''
[  info   ] (2025-08-15 14:03:15) Command entered:                    - input=''
[  info   ] (2025-08-15 14:03:16) Command entered:                    - input=''
[  info   ] (2025-08-15 14:03:16) Command entered:                    - input=''
[  info   ] (2025-08-15 14:03:16) Command entered:                    - input=''
[  info   ] (2025-08-15 14:03:21) Command entered:                    - input='test jdz'
[ warning ] (2025-08-15 14:03:21) Deprecated use of function __main__.test() - 
[critical ] (2025-08-15 14:03:21) What's going on ???                 - t='jdz'
[  info   ] (2025-08-15 14:03:24) Command entered:                    - input='dz'
[  error  ] (2025-08-15 14:03:24) masthon.Exceptions.CommandNotFound: 'Command `dz` not found. Type help to see commands that you can use `help` or `h`.' - 
[  info   ] (2025-08-15 14:03:26) Command entered:                    - input='zqd'
[  error  ] (2025-08-15 14:03:26) masthon.Exceptions.CommandNotFound: 'Command `zqd` not found. Type help to see commands that you can use `help` or `h`.' - 
[  info   ] (2025-08-15 14:03:27) Command entered:                    - input=''
[  info   ] (2025-08-15 14:03:28) Command entered:                    - input='zqd'
[  error  ] (2025-08-15 14:03:28) masthon.Exceptions.CommandNotFound: 'Command `zqd` not found. Type help to see commands that you can use `help` or `h`.' - 
[  info   ] (2025-08-15 14:03:32) Stoped !                            - 
[  debug  ] (2025-08-15 14:14:06) Logger created                      - 
[  info   ] (2025-08-15 14:14:07) Started !                           - 
[  info   ] (2025-08-15 14:14:10) Stoped !                            - 
[  debug  ] (2025-08-15 14:14:52) Logger created                      - 
[  info   ] (2025-08-15 14:14:52) Started !                           - 
[  info   ] (2025-08-15 14:14:54) 0                                   - 
[  info   ] (2025-08-15 14:15:29) Command entered:                    - input='tezqdoihdqmoqzzq'
[  error  ] (2025-08-15 14:15:29) masthon.Exceptions.CommandNotFound: 'Command `tezqdoihdqmoqzzq` not found. Type help to see commands that you can use `help` or `h`.' - 
[  info   ] (2025-08-15 14:15:37) Stoped !                            - 
[  debug  ] (2025-08-15 14:16:27) Logger created                      - 
[  info   ] (2025-08-15 14:16:27) Started !                           - 
[  info   ] (2025-08-15 14:16:29) 0                                   - 
[  info   ] (2025-08-15 14:16:30) Command entered:                    - input='test'
[ warning ] (2025-08-15 14:16:30) Deprecated use of function __main__.test() - 
[  error  ] (2025-08-15 14:16:30) masthon.Exceptions.CommandExecutionError: 'An exception as occured while executing the command named `test`.' TypeError("test() missing 1 required positional argument: 't'") - 
[  info   ] (2025-08-15 14:16:42) Command entered:                    - input='test 0'
[ warning ] (2025-08-15 14:16:42) Deprecated use of function __main__.test() - 
[critical ] (2025-08-15 14:16:42) What's going on ???                 - t='0'
[  info   ] (2025-08-15 14:16:59) Command entered:                    - input='test'
[ warning ] (2025-08-15 14:16:59) Deprecated use of function __main__.test() - 
[  error  ] (2025-08-15 14:16:59) masthon.Exceptions.CommandExecutionError: 'An exception as occured while executing the command named `test`.' TypeError("test() missing 1 required positional argument: 't'") - 
[  info   ] (2025-08-15 14:17:05) Command entered:                    - input='zdqzqqdzq'
[  error  ] (2025-08-15 14:17:05) masthon.Exceptions.CommandNotFound: 'Command `zdqzqqdzq` not found. Type help to see commands that you can use `help` or `h`.' - 
[  info   ] (2025-08-15 14:17:09) Command entered:                    - input=''
[  info   ] (2025-08-15 14:17:28) Command entered:                    - input=''
[  info   ] (2025-08-15 14:17:40) Command entered:                    - input='stop'
[  info   ] (2025-08-15 14:17:40) Stoped !                            - 
[  debug  ] (2025-08-15 14:19:21) Logger created                      - 
[  info   ] (2025-08-15 14:19:21) Started !                           - 
[  info   ] (2025-08-15 14:19:25) 0                                   - 
[  info   ] (2025-08-15 14:19:37) Command entered:                    - input='stop'
[  info   ] (2025-08-15 14:19:37) Stoped !                            - 
[  debug  ] (2025-08-15 14:20:14) Logger created                      - 
[  info   ] (2025-08-15 14:20:14) Started !                           - 
[  info   ] (2025-08-15 14:20:15) 0                                   - 
[  info   ] (2025-08-15 14:20:17) Command entered:                    - input=''
[  info   ] (2025-08-15 14:20:18) Command entered:                    - input=''
[  info   ] (2025-08-15 14:20:18) Command entered:                    - input=''
[  info   ] (2025-08-15 14:20:41) Stoped !                            - 
[  debug  ] (2025-08-15 14:23:57) Logger created                      - 
[  info   ] (2025-08-15 14:23:57) Started !                           - 
[  info   ] (2025-08-15 14:23:59) 0                                   - 
[  info   ] (2025-08-15 14:24:00) Command entered:                    - input='test'
[ warning ] (2025-08-15 14:24:00) Deprecated use of function __main__.test() - 
[  error  ] (2025-08-15 14:24:00) masthon.Exceptions.CommandExecutionError: 'An exception as occured while executing the command named `test`.' TypeError("test() missing 1 required positional argument: 't'") - 
[  info   ] (2025-08-15 14:25:09) Command entered:                    - input='dqzdqzd'
[  error  ] (2025-08-15 14:25:09) masthon.Exceptions.CommandNotFound: 'Command `dqzdqzd` not found. Type help to see commands that you can use `help` or `h`.' - 
[  info   ] (2025-08-15 14:25:11) Stoped !                            - 
[  debug  ] (2025-08-15 14:25:56) Logger created                      - 
[  info   ] (2025-08-15 14:25:56) Started !                           - 
[  info   ] (2025-08-15 14:25:57) 0                                   - 
[  info   ] (2025-08-15 14:25:59) Stoped !                            - 
[  debug  ] (2025-08-15 14:26:55) Logger created                      - 
[  info   ] (2025-08-15 14:26:55) Started !                           - 
[  info   ] (2025-08-15 14:26:56) 0                                   - 
[  info   ] (2025-08-15 14:26:57) Command entered:                    - input='test'
[ warning ] (2025-08-15 14:26:57) Deprecated use of function __main__.test() - 
[  error  ] (2025-08-15 14:26:57) masthon.Exceptions.CommandExecutionError: 'An exception as occured while executing the command named `test`.' TypeError("test() missing 1 required positional argument: 't'") - 
[  info   ] (2025-08-15 14:27:05) Command entered:                    - input=''
[  info   ] (2025-08-15 14:27:07) Command entered:                    - input=''
[  info   ] (2025-08-15 14:27:09) Command entered:                    - input=''
[  info   ] (2025-08-15 14:27:11) Command entered:                    - input='test'
[ warning ] (2025-08-15 14:27:11) Deprecated use of function __main__.test() - 
[  error  ] (2025-08-15 14:27:11) masthon.Exceptions.CommandExecutionError: 'An exception as occured while executing the command named `test`.' TypeError("test() missing 1 required positional argument: 't'") - 
[  info   ] (2025-08-15 14:27:11) Command entered:                    - input=''
[  info   ] (2025-08-15 14:27:16) Command entered:                    - input='test l'
[ warning ] (2025-08-15 14:27:16) Deprecated use of function __main__.test() - 
[critical ] (2025-08-15 14:27:16) What's going on ???                 - t='l'
[  info   ] (2025-08-15 14:27:21) Command entered:                    - input='blblbl*'
[  error  ] (2025-08-15 14:27:21) masthon.Exceptions.CommandNotFound: 'Command `blblbl*` not found. Type help to see commands that you can use `help` or `h`.' - 
[  info   ] (2025-08-15 14:27:26) Stoped !                            - 
[  debug  ] (2025-08-15 14:30:18) Logger created                      - 
[  info   ] (2025-08-15 14:30:18) Started !                           - 
[  info   ] (2025-08-15 14:30:19) 0                                   - 
[  info   ] (2025-08-15 14:30:30) Stoped !                            - 
[  debug  ] (2025-08-15 14:30:54) Logger created                      - 
[  info   ] (2025-08-15 14:30:54) Started !                           - 
[  info   ] (2025-08-15 14:30:55) 0                                   - 
[  info   ] (2025-08-15 14:30:56) Command entered:                    - input='test t'
[ warning ] (2025-08-15 14:30:56) Deprecated use of function __main__.test() - 
[critical ] (2025-08-15 14:30:56) What's going on ???                 - t='t'
[  info   ] (2025-08-15 14:31:05) Command entered:                    - input='here i tryed'
[  error  ] (2025-08-15 14:31:05) masthon.Exceptions.CommandNotFound: 'Command `here` not found. Type help to see commands that you can use `help` or `h`.' - 
[  info   ] (2025-08-15 14:31:09) Command entered:                    - input=''
[  info   ] (2025-08-15 14:31:14) Command entered:                    - input='post test'
[  error  ] (2025-08-15 14:31:14) masthon.Exceptions.CommandNotFound: 'Command `post` not found. Type help to see commands that you can use `help` or `h`.' - 
[  info   ] (2025-08-15 14:31:37) Command entered:                    - input=''
[  info   ] (2025-08-15 14:31:37) Command entered:                    - input=''
[  info   ] (2025-08-15 14:31:38) Command entered:                    - input=''
[  info   ] (2025-08-15 14:31:38) Command entered:                    - input=''
[  info   ] (2025-08-15 14:31:38) Command entered:                    - input=''
[  info   ] (2025-08-15 14:31:48) Command entered:                    - input='I tryed so hard'
[  error  ] (2025-08-15 14:31:48) masthon.Exceptions.CommandNotFound: 'Command `I` not found. Type help to see commands that you can use `help` or `h`.' - 
[  info   ] (2025-08-15 14:31:53) Stoped !                            - 
[  debug  ] (2025-08-15 14:39:26) Logger created                      - 
[  info   ] (2025-08-15 14:39:26) Started !                           - 
[  info   ] (2025-08-15 14:39:27) 0                                   - 
[  info   ] (2025-08-15 14:39:32) Command entered:                    - input='test'
[ warning ] (2025-08-15 14:39:32) Deprecated use of function __main__.test() - 
[  error  ] (2025-08-15 14:39:32) masthon.Exceptions.CommandExecutionError: 'An exception as occured while executing the command named `test`.' TypeError("test() missing 1 required positional argument: 't'") - 
[  info   ] (2025-08-15 14:39:42) Command entered:                    - input='test gator3000'
[ warning ] (2025-08-15 14:39:42) Deprecated use of function __main__.test() - 
[critical ] (2025-08-15 14:39:42) What's going on ???                 - t='gator3000'
[  info   ] (2025-08-15 14:40:22) Command entered:                    - input=''
[  info   ] (2025-08-15 14:40:24) Command entered:                    - input='stop'
[  info   ] (2025-08-15 14:40:24) Stoped !                            - 
[  debug  ] (2025-08-15 14:40:28) Logger created                      - 
[  info   ] (2025-08-15 14:40:28) Started !                           - 
[  info   ] (2025-08-15 14:40:29) 0                                   - 
[  info   ] (2025-08-15 14:40:32) Command entered:                    - input='test help'
[ warning ] (2025-08-15 14:40:32) Deprecated use of function __main__.test() - 
[critical ] (2025-08-15 14:40:32) What's going on ???                 - t='help'
[  info   ] (2025-08-15 14:40:40) Command entered:                    - input='stop'
[  info   ] (2025-08-15 14:40:40) Stoped !                            - 
[  debug  ] (2025-08-15 17:01:18) Logger created                      - 
[  info   ] (2025-08-15 17:01:18) Started !                           - 
[  info   ] (2025-08-15 17:01:21) 0                                   - 
[  info   ] (2025-08-15 17:01:37) Command entered:                    - input='testqdzdq heheqzpdl~'
[  error  ] (2025-08-15 17:01:37) masthon.Exceptions.CommandNotFound: 'Command `testqdzdq` not found. Type help to see commands that you can use `help` or `h`.' - 
[  info   ] (2025-08-15 17:01:50) Command entered:                    - input='eval("2+2")'
[  error  ] (2025-08-15 17:01:50) masthon.Exceptions.CommandNotFound: 'Command `eval("2+2")` not found. Type help to see commands that you can use `help` or `h`.' - 
[  info   ] (2025-08-15 17:02:11) Command entered:                    - input='kg kuzdq uzst'
[  error  ] (2025-08-15 17:02:11) masthon.Exceptions.CommandNotFound: 'Command `kg` not found. Type help to see commands that you can use `help` or `h`.' - 
[  info   ] (2025-08-15 17:02:13) Command entered:                    - input='stop'
[  info   ] (2025-08-15 17:02:13) Stoped !                            - 
[  debug  ] (2025-08-15 17:02:30) Logger created                      - 
[  info   ] (2025-08-15 17:02:30) Started !                           - 
[  info   ] (2025-08-15 17:02:34) 0                                   - 
[  info   ] (2025-08-15 17:02:36) Command entered:                    - input=''
[  info   ] (2025-08-15 17:02:44) Command entered:                    - input='test lgz'
[ warning ] (2025-08-15 17:02:44) Deprecated use of function __main__.test() - 
[critical ] (2025-08-15 17:02:44) What's going on ???                 - t='lgz'
[  info   ] (2025-08-15 17:02:55) Command entered:                    - input='stop'
[  info   ] (2025-08-15 17:02:55) Stoped !                            - 
[  debug  ] (2025-08-15 17:09:57) Logger created                      - 
[  info   ] (2025-08-15 17:09:57) Started !                           - 
[  info   ] (2025-08-15 17:10:05) 0                                   - 
[  info   ] (2025-08-15 17:10:07) Command entered:                    - input='test'
[ warning ] (2025-08-15 17:10:07) Deprecated use of function __main__.test() - 
[  error  ] (2025-08-15 17:10:07) masthon.Exceptions.CommandExecutionError: 'An exception as occured while executing the command named `test`.' TypeError("test() missing 1 required positional argument: 't'") - 
[  info   ] (2025-08-15 17:10:35) Command entered:                    - input='eeeeeehhhhhhhhhhhhhhhhhhhhhhhhhhhhhhhhhhhhhhhhhhhhhhhhhhhhhhhhhhhhhhhhhhhhhhhhhhhhhhhhhhhhhhhhhhhhhhhhhhhhhhhhhhhhhhhhhhhhhhhhhhhhhhhhhhhhhhhhhhhhhhhhhhhhhhhhhhhhhhhhhhhhhhhhhhhhhhhhhhhhhhhhhhhhhhhhhhhhhhhhhhhhhhhhhhhhhhhhhhhhhhhhhhhhhhhhhhhhhhhhhhhhhhhhhhhhhhhhhhhhhhhhhhhhhhhhhhhhhhhhhhhhhhhhhhhhhhhhhhhhhhhhhhhhhhhhhhhhhhhhhhhhhhhhhhhhhhhhhhhhhhhhhhhhhhhhhhhhhhhhhhhhhhhhhhhhhhhhhhhhhhhhhhhhhhhhhhhhhhhhhhhhhhhhhhhhhhhhhhhhhhhhhhhhhhhhhhhhhhhhhhhhhhhhhhhhhhhhhhhhhhhhhhhhhhhhhhhhhhhhhhhhhhhhhhhhhhhhhhhhhhhhhhhhhhhhhhhhhhhhhhhhhhhhhhhhhhhhhhhhhhhhhhhhhhhhhhhhhhhhhhhhhhhhhhhhhhhhhhhhhhhhhhhhhhhhhhhhhhhhhhhhhhhhhhhhhhhhhhhhhhhhhhhhhhhhhhhhhhhhhhhhhhhhhhhhhhhhhhhhhhhhhhhhhhhhhhhhhhhhhhhhhhhhhhhhhhhhhhhhhhhh'
[  error  ] (2025-08-15 17:10:35) masthon.Exceptions.CommandNotFound: 'Command `eeeeeehhhhhhhhhhhhhhhhhhhhhhhhhhhhhhhhhhhhhhhhhhhhhhhhhhhhhhhhhhhhhhhhhhhhhhhhhhhhhhhhhhhhhhhhhhhhhhhhhhhhhhhhhhhhhhhhhhhhhhhhhhhhhhhhhhhhhhhhhhhhhhhhhhhhhhhhhhhhhhhhhhhhhhhhhhhhhhhhhhhhhhhhhhhhhhhhhhhhhhhhhhhhhhhhhhhhhhhhhhhhhhhhhhhhhhhhhhhhhhhhhhhhhhhhhhhhhhhhhhhhhhhhhhhhhhhhhhhhhhhhhhhhhhhhhhhhhhhhhhhhhhhhhhhhhhhhhhhhhhhhhhhhhhhhhhhhhhhhhhhhhhhhhhhhhhhhhhhhhhhhhhhhhhhhhhhhhhhhhhhhhhhhhhhhhhhhhhhhhhhhhhhhhhhhhhhhhhhhhhhhhhhhhhhhhhhhhhhhhhhhhhhhhhhhhhhhhhhhhhhhhhhhhhhhhhhhhhhhhhhhhhhhhhhhhhhhhhhhhhhhhhhhhhhhhhhhhhhhhhhhhhhhhhhhhhhhhhhhhhhhhhhhhhhhhhhhhhhhhhhhhhhhhhhhhhhhhhhhhhhhhhhhhhhhhhhhhhhhhhhhhhhhhhhhhhhhhhhhhhhhhhhhhhhhhhhhhhhhhhhhhhhhhhhhhhhhhhhhhhhhhhhhhhhhhhhhhhhhhhhhhhhhhhhhhhhhhhhhhhhhhhhh` not found. Type help to see commands that you can use `help` or `h`.' - 
[  info   ] (2025-08-15 17:10:47) Command entered:                    - input='tste'
[  error  ] (2025-08-15 17:10:47) masthon.Exceptions.CommandNotFound: 'Command `tste` not found. Type help to see commands that you can use `help` or `h`.' - 
[  debug  ] (2025-08-15 17:11:44) Logger created                      - 
[  info   ] (2025-08-15 17:11:44) Started !                           - 
[  debug  ] (2025-08-15 17:11:47) sligu                               - i=0
[  debug  ] (2025-08-15 17:11:47) sligu                               - i=1
[  debug  ] (2025-08-15 17:11:47) sligu                               - i=2
[  debug  ] (2025-08-15 17:11:48) sligu                               - i=3
[  info   ] (2025-08-15 17:11:51) Command entered:                    - input='test'
[ warning ] (2025-08-15 17:11:51) Deprecated use of function __main__.test() - 
[  error  ] (2025-08-15 17:11:51) masthon.Exceptions.CommandExecutionError: 'An exception as occured while executing the command named `test`.' TypeError("test() missing 1 required positional argument: 't'") - 
[  debug  ] (2025-08-15 17:11:51) sligu                               - i=4
[  debug  ] (2025-08-15 17:12:12) sligu                               - i=5
[  debug  ] (2025-08-15 17:12:12) sligu                               - i=6
[  debug  ] (2025-08-15 17:12:12) sligu                               - i=7
[  debug  ] (2025-08-15 17:12:12) sligu                               - i=8
[  debug  ] (2025-08-15 17:12:12) sligu                               - i=9
[  debug  ] (2025-08-15 17:12:12) sligu                               - i=10
[  debug  ] (2025-08-15 17:12:12) sligu                               - i=11
[  debug  ] (2025-08-15 17:12:12) sligu                               - i=12
[  debug  ] (2025-08-15 17:12:12) sligu                               - i=13
[  debug  ] (2025-08-15 17:12:13) sligu                               - i=14
[  debug  ] (2025-08-15 17:12:13) sligu                               - i=15
[  debug  ] (2025-08-15 17:12:13) sligu                               - i=16
[  debug  ] (2025-08-15 17:12:13) sligu                               - i=17
[  debug  ] (2025-08-15 17:12:13) sligu                               - i=18
[  debug  ] (2025-08-15 17:12:13) sligu                               - i=19
[  debug  ] (2025-08-15 17:12:13) sligu                               - i=20
[  debug  ] (2025-08-15 17:12:13) sligu                               - i=21
[  info   ] (2025-08-15 17:12:14) Command entered:                    - input='ahhhhhhhhhhhhhhhh'
[  error  ] (2025-08-15 17:12:14) masthon.Exceptions.CommandNotFound: 'Command `ahhhhhhhhhhhhhhhh` not found. Type help to see commands that you can use `help` or `h`.' - 
[  debug  ] (2025-08-15 17:12:14) sligu                               - i=22
[  debug  ] (2025-08-15 17:12:18) sligu                               - i=23
[  debug  ] (2025-08-15 17:12:18) sligu                               - i=24
[  debug  ] (2025-08-15 17:12:18) sligu                               - i=25
[  debug  ] (2025-08-15 17:12:18) sligu                               - i=26
[  info   ] (2025-08-15 17:12:18) Command entered:                    - input='stop'
[  debug  ] (2025-08-15 17:12:18) sligu                               - i=27
[  info   ] (2025-08-15 17:12:19) Stoped !                            - 
[  debug  ] (2025-08-15 17:18:31) Logger created                      - 
[  info   ] (2025-08-15 17:18:31) Started !                           - 
[  info   ] (2025-08-15 17:18:31) Stoped !                            - 
[  debug  ] (2025-08-15 17:18:47) Logger created                      - 
[  info   ] (2025-08-15 17:18:47) Started !                           - 
[  info   ] (2025-08-15 17:18:47) Stoped !                            - 
[  debug  ] (2025-08-15 17:20:15) Logger created                      - 
[  info   ] (2025-08-15 17:20:15) Started !                           - 
[  debug  ] (2025-08-15 17:20:15) sligu                               - i=0
[  debug  ] (2025-08-15 17:20:15) sligu                               - i=1
[  debug  ] (2025-08-15 17:20:15) sligu                               - i=2
[  debug  ] (2025-08-15 17:20:15) sligu                               - i=3
[  debug  ] (2025-08-15 17:20:15) sligu                               - i=4
[  debug  ] (2025-08-15 17:20:15) sligu                               - i=5
[  debug  ] (2025-08-15 17:20:15) sligu                               - i=6
[  debug  ] (2025-08-15 17:20:15) sligu                               - i=7
[  debug  ] (2025-08-15 17:20:15) sligu                               - i=8
[  debug  ] (2025-08-15 17:20:15) sligu                               - i=9
[  debug  ] (2025-08-15 17:20:15) sligu                               - i=10
[  debug  ] (2025-08-15 17:20:15) sligu                               - i=11
[  debug  ] (2025-08-15 17:20:15) sligu                               - i=12
[  debug  ] (2025-08-15 17:20:15) sligu                               - i=13
[  debug  ] (2025-08-15 17:20:15) sligu                               - i=14
[  debug  ] (2025-08-15 17:20:15) sligu                               - i=15
[  debug  ] (2025-08-15 17:20:15) sligu                               - i=16
[  debug  ] (2025-08-15 17:20:15) sligu                               - i=17
[  debug  ] (2025-08-15 17:20:15) sligu                               - i=18
[  debug  ] (2025-08-15 17:20:15) sligu                               - i=19
[  debug  ] (2025-08-15 17:20:15) sligu                               - i=20
[  debug  ] (2025-08-15 17:20:15) sligu                               - i=21
[  debug  ] (2025-08-15 17:20:15) sligu                               - i=22
[  debug  ] (2025-08-15 17:20:15) sligu                               - i=23
[  debug  ] (2025-08-15 17:20:15) sligu                               - i=24
[  debug  ] (2025-08-15 17:20:15) sligu                               - i=25
[  debug  ] (2025-08-15 17:20:15) sligu                               - i=26
[  debug  ] (2025-08-15 17:20:15) sligu                               - i=27
[  debug  ] (2025-08-15 17:20:15) sligu                               - i=28
[  debug  ] (2025-08-15 17:20:15) sligu                               - i=29
[  debug  ] (2025-08-15 17:20:15) sligu                               - i=30
[  debug  ] (2025-08-15 17:20:15) sligu                               - i=31
[  debug  ] (2025-08-15 17:20:15) sligu                               - i=32
[  debug  ] (2025-08-15 17:20:15) sligu                               - i=33
[  debug  ] (2025-08-15 17:20:15) sligu                               - i=34
[  debug  ] (2025-08-15 17:20:15) sligu                               - i=35
[  debug  ] (2025-08-15 17:20:15) sligu                               - i=36
[  debug  ] (2025-08-15 17:20:15) sligu                               - i=37
[  debug  ] (2025-08-15 17:20:15) sligu                               - i=38
[  debug  ] (2025-08-15 17:20:15) sligu                               - i=39
[  debug  ] (2025-08-15 17:20:15) sligu                               - i=40
[  debug  ] (2025-08-15 17:20:15) sligu                               - i=41
[  debug  ] (2025-08-15 17:20:15) sligu                               - i=42
[  debug  ] (2025-08-15 17:20:15) sligu                               - i=43
[  debug  ] (2025-08-15 17:20:15) sligu                               - i=44
[  debug  ] (2025-08-15 17:20:15) sligu                               - i=45
[  debug  ] (2025-08-15 17:20:15) sligu                               - i=46
[  debug  ] (2025-08-15 17:20:15) sligu                               - i=47
[  debug  ] (2025-08-15 17:20:15) sligu                               - i=48
[  debug  ] (2025-08-15 17:20:15) sligu                               - i=49
[  debug  ] (2025-08-15 17:20:15) sligu                               - i=50
[  debug  ] (2025-08-15 17:20:15) sligu                               - i=51
[  debug  ] (2025-08-15 17:20:15) sligu                               - i=52
[  debug  ] (2025-08-15 17:20:15) sligu                               - i=53
[  debug  ] (2025-08-15 17:20:15) sligu                               - i=54
[  debug  ] (2025-08-15 17:20:15) sligu                               - i=55
[  debug  ] (2025-08-15 17:20:15) sligu                               - i=56
[  debug  ] (2025-08-15 17:20:15) sligu                               - i=57
[  debug  ] (2025-08-15 17:20:15) sligu                               - i=58
[  debug  ] (2025-08-15 17:20:15) sligu                               - i=59
[  debug  ] (2025-08-15 17:20:15) sligu                               - i=60
[  debug  ] (2025-08-15 17:20:15) sligu                               - i=61
[  debug  ] (2025-08-15 17:20:15) sligu                               - i=62
[  debug  ] (2025-08-15 17:20:15) sligu                               - i=63
[  debug  ] (2025-08-15 17:20:15) sligu                               - i=64
[  debug  ] (2025-08-15 17:20:15) sligu                               - i=65
[  debug  ] (2025-08-15 17:20:15) sligu                               - i=66
[  debug  ] (2025-08-15 17:20:15) sligu                               - i=67
[  debug  ] (2025-08-15 17:20:15) sligu                               - i=68
[  debug  ] (2025-08-15 17:20:15) sligu                               - i=69
[  debug  ] (2025-08-15 17:20:15) sligu                               - i=70
[  debug  ] (2025-08-15 17:20:15) sligu                               - i=71
[  debug  ] (2025-08-15 17:20:15) sligu                               - i=72
[  debug  ] (2025-08-15 17:20:15) sligu                               - i=73
[  debug  ] (2025-08-15 17:20:16) sligu                               - i=74
[  debug  ] (2025-08-15 17:20:16) sligu                               - i=75
[  debug  ] (2025-08-15 17:20:16) sligu                               - i=76
[  debug  ] (2025-08-15 17:20:16) sligu                               - i=77
[  debug  ] (2025-08-15 17:20:16) sligu                               - i=78
[  debug  ] (2025-08-15 17:20:16) sligu                               - i=79
[  debug  ] (2025-08-15 17:20:16) sligu                               - i=80
[  debug  ] (2025-08-15 17:20:16) sligu                               - i=81
[  debug  ] (2025-08-15 17:20:16) sligu                               - i=82
[  debug  ] (2025-08-15 17:20:16) sligu                               - i=83
[  debug  ] (2025-08-15 17:20:16) sligu                               - i=84
[  debug  ] (2025-08-15 17:20:16) sligu                               - i=85
[  debug  ] (2025-08-15 17:20:16) sligu                               - i=86
[  debug  ] (2025-08-15 17:20:16) sligu                               - i=87
[  debug  ] (2025-08-15 17:20:16) sligu                               - i=88
[  debug  ] (2025-08-15 17:20:16) sligu                               - i=89
[  debug  ] (2025-08-15 17:20:16) sligu                               - i=90
[  debug  ] (2025-08-15 17:20:16) sligu                               - i=91
[  debug  ] (2025-08-15 17:20:16) sligu                               - i=92
[  debug  ] (2025-08-15 17:20:16) sligu                               - i=93
[  debug  ] (2025-08-15 17:20:16) sligu                               - i=94
[  debug  ] (2025-08-15 17:20:16) sligu                               - i=95
[  debug  ] (2025-08-15 17:20:16) sligu                               - i=96
[  debug  ] (2025-08-15 17:20:16) sligu                               - i=97
[  debug  ] (2025-08-15 17:20:16) sligu                               - i=98
[  debug  ] (2025-08-15 17:20:16) sligu                               - i=99
[  debug  ] (2025-08-15 17:20:16) sligu                               - i=100
[  debug  ] (2025-08-15 17:20:16) sligu                               - i=101
[  debug  ] (2025-08-15 17:20:16) sligu                               - i=102
[  debug  ] (2025-08-15 17:20:16) sligu                               - i=103
[  debug  ] (2025-08-15 17:20:16) sligu                               - i=104
[  debug  ] (2025-08-15 17:20:16) sligu                               - i=105
[  debug  ] (2025-08-15 17:20:16) sligu                               - i=106
[  debug  ] (2025-08-15 17:20:16) sligu                               - i=107
[  debug  ] (2025-08-15 17:20:16) sligu                               - i=108
[  debug  ] (2025-08-15 17:20:16) sligu                               - i=109
[  debug  ] (2025-08-15 17:20:16) sligu                               - i=110
[  debug  ] (2025-08-15 17:20:16) sligu                               - i=111
[  debug  ] (2025-08-15 17:20:16) sligu                               - i=112
[  debug  ] (2025-08-15 17:20:16) sligu                               - i=113
[  debug  ] (2025-08-15 17:20:16) sligu                               - i=114
[  debug  ] (2025-08-15 17:20:16) sligu                               - i=115
[  debug  ] (2025-08-15 17:20:16) sligu                               - i=116
[  debug  ] (2025-08-15 17:20:16) sligu                               - i=117
[  debug  ] (2025-08-15 17:20:16) sligu                               - i=118
[  debug  ] (2025-08-15 17:20:16) sligu                               - i=119
[  debug  ] (2025-08-15 17:20:16) sligu                               - i=120
[  debug  ] (2025-08-15 17:20:16) sligu                               - i=121
[  debug  ] (2025-08-15 17:20:16) sligu                               - i=122
[  debug  ] (2025-08-15 17:20:16) sligu                               - i=123
[  debug  ] (2025-08-15 17:20:16) sligu                               - i=124
[  debug  ] (2025-08-15 17:20:16) sligu                               - i=125
[  debug  ] (2025-08-15 17:20:16) sligu                               - i=126
[  debug  ] (2025-08-15 17:20:16) sligu                               - i=127
[  debug  ] (2025-08-15 17:20:16) sligu                               - i=128
[  debug  ] (2025-08-15 17:20:16) sligu                               - i=129
[  debug  ] (2025-08-15 17:20:16) sligu                               - i=130
[  debug  ] (2025-08-15 17:20:16) sligu                               - i=131
[  debug  ] (2025-08-15 17:20:16) sligu                               - i=132
[  debug  ] (2025-08-15 17:20:16) sligu                               - i=133
[  debug  ] (2025-08-15 17:20:16) sligu                               - i=134
[  debug  ] (2025-08-15 17:20:16) sligu                               - i=135
[  debug  ] (2025-08-15 17:20:16) sligu                               - i=136
[  debug  ] (2025-08-15 17:20:16) sligu                               - i=137
[  debug  ] (2025-08-15 17:20:16) sligu                               - i=138
[  debug  ] (2025-08-15 17:20:16) sligu                               - i=139
[  debug  ] (2025-08-15 17:20:16) sligu                               - i=140
[  debug  ] (2025-08-15 17:20:16) sligu                               - i=141
[  debug  ] (2025-08-15 17:20:16) sligu                               - i=142
[  debug  ] (2025-08-15 17:20:16) sligu                               - i=143
[  debug  ] (2025-08-15 17:20:16) sligu                               - i=144
[  debug  ] (2025-08-15 17:20:16) sligu                               - i=145
[  debug  ] (2025-08-15 17:20:16) sligu                               - i=146
[  debug  ] (2025-08-15 17:20:16) sligu                               - i=147
[  debug  ] (2025-08-15 17:20:16) sligu                               - i=148
[  debug  ] (2025-08-15 17:20:16) sligu                               - i=149
[  debug  ] (2025-08-15 17:20:16) sligu                               - i=150
[  debug  ] (2025-08-15 17:20:16) sligu                               - i=151
[  debug  ] (2025-08-15 17:20:16) sligu                               - i=152
[  debug  ] (2025-08-15 17:20:16) sligu                               - i=153
[  debug  ] (2025-08-15 17:20:16) sligu                               - i=154
[  debug  ] (2025-08-15 17:20:16) sligu                               - i=155
[  debug  ] (2025-08-15 17:20:16) sligu                               - i=156
[  debug  ] (2025-08-15 17:20:16) sligu                               - i=157
[  debug  ] (2025-08-15 17:20:16) sligu                               - i=158
[  debug  ] (2025-08-15 17:20:16) sligu                               - i=159
[  debug  ] (2025-08-15 17:20:16) sligu                               - i=160
[  debug  ] (2025-08-15 17:20:16) sligu                               - i=161
[  debug  ] (2025-08-15 17:20:16) sligu                               - i=162
[  debug  ] (2025-08-15 17:20:16) sligu                               - i=163
[  debug  ] (2025-08-15 17:20:16) sligu                               - i=164
[  debug  ] (2025-08-15 17:20:16) sligu                               - i=165
[  debug  ] (2025-08-15 17:20:16) sligu                               - i=166
[  debug  ] (2025-08-15 17:20:16) sligu                               - i=167
[  debug  ] (2025-08-15 17:20:16) sligu                               - i=168
[  debug  ] (2025-08-15 17:20:16) sligu                               - i=169
[  debug  ] (2025-08-15 17:20:16) sligu                               - i=170
[  debug  ] (2025-08-15 17:20:16) sligu                               - i=171
[  debug  ] (2025-08-15 17:20:16) sligu                               - i=172
[  debug  ] (2025-08-15 17:20:16) sligu                               - i=173
[  debug  ] (2025-08-15 17:20:16) sligu                               - i=174
[  debug  ] (2025-08-15 17:20:16) sligu                               - i=175
[  debug  ] (2025-08-15 17:20:16) sligu                               - i=176
[  debug  ] (2025-08-15 17:20:16) sligu                               - i=177
[  debug  ] (2025-08-15 17:20:16) sligu                               - i=178
[  debug  ] (2025-08-15 17:20:16) sligu                               - i=179
[  debug  ] (2025-08-15 17:20:16) sligu                               - i=180
[  debug  ] (2025-08-15 17:20:16) sligu                               - i=181
[  debug  ] (2025-08-15 17:20:16) sligu                               - i=182
[  debug  ] (2025-08-15 17:20:16) sligu                               - i=183
[  debug  ] (2025-08-15 17:20:16) sligu                               - i=184
[  debug  ] (2025-08-15 17:20:16) sligu                               - i=185
[  debug  ] (2025-08-15 17:20:16) sligu                               - i=186
[  debug  ] (2025-08-15 17:20:16) sligu                               - i=187
[  debug  ] (2025-08-15 17:20:16) sligu                               - i=188
[  debug  ] (2025-08-15 17:20:16) sligu                               - i=189
[  debug  ] (2025-08-15 17:20:16) sligu                               - i=190
[  debug  ] (2025-08-15 17:20:16) sligu                               - i=191
[  debug  ] (2025-08-15 17:20:16) sligu                               - i=192
[  debug  ] (2025-08-15 17:20:16) sligu                               - i=193
[  debug  ] (2025-08-15 17:20:16) sligu                               - i=194
[  debug  ] (2025-08-15 17:20:16) sligu                               - i=195
[  debug  ] (2025-08-15 17:20:16) sligu                               - i=196
[  debug  ] (2025-08-15 17:20:16) sligu                               - i=197
[  debug  ] (2025-08-15 17:20:16) sligu                               - i=198
[  debug  ] (2025-08-15 17:20:16) sligu                               - i=199
[  debug  ] (2025-08-15 17:20:16) sligu                               - i=200
[  debug  ] (2025-08-15 17:20:16) sligu                               - i=201
[  debug  ] (2025-08-15 17:20:16) sligu                               - i=202
[  debug  ] (2025-08-15 17:20:16) sligu                               - i=203
[  debug  ] (2025-08-15 17:20:16) sligu                               - i=204
[  debug  ] (2025-08-15 17:20:16) sligu                               - i=205
[  debug  ] (2025-08-15 17:20:16) sligu                               - i=206
[  debug  ] (2025-08-15 17:20:16) sligu                               - i=207
[  debug  ] (2025-08-15 17:20:16) sligu                               - i=208
[  debug  ] (2025-08-15 17:20:16) sligu                               - i=209
[  debug  ] (2025-08-15 17:20:16) sligu                               - i=210
[  debug  ] (2025-08-15 17:20:16) sligu                               - i=211
[  debug  ] (2025-08-15 17:20:16) sligu                               - i=212
[  debug  ] (2025-08-15 17:20:16) sligu                               - i=213
[  debug  ] (2025-08-15 17:20:16) sligu                               - i=214
[  debug  ] (2025-08-15 17:20:16) sligu                               - i=215
[  debug  ] (2025-08-15 17:20:16) sligu                               - i=216
[  debug  ] (2025-08-15 17:20:16) sligu                               - i=217
[  debug  ] (2025-08-15 17:20:16) sligu                               - i=218
[  debug  ] (2025-08-15 17:20:16) sligu                               - i=219
[  debug  ] (2025-08-15 17:20:16) sligu                               - i=220
[  debug  ] (2025-08-15 17:20:16) sligu                               - i=221
[  debug  ] (2025-08-15 17:20:16) sligu                               - i=222
[  debug  ] (2025-08-15 17:20:16) sligu                               - i=223
[  debug  ] (2025-08-15 17:20:16) sligu                               - i=224
[  debug  ] (2025-08-15 17:20:16) sligu                               - i=225
[  debug  ] (2025-08-15 17:20:16) sligu                               - i=226
[  debug  ] (2025-08-15 17:20:16) sligu                               - i=227
[  debug  ] (2025-08-15 17:20:16) sligu                               - i=228
[  debug  ] (2025-08-15 17:20:16) sligu                               - i=229
[  debug  ] (2025-08-15 17:20:16) sligu                               - i=230
[  debug  ] (2025-08-15 17:20:16) sligu                               - i=231
[  debug  ] (2025-08-15 17:20:16) sligu                               - i=232
[  debug  ] (2025-08-15 17:20:16) sligu                               - i=233
[  debug  ] (2025-08-15 17:20:16) sligu                               - i=234
[  debug  ] (2025-08-15 17:20:16) sligu                               - i=235
[  debug  ] (2025-08-15 17:20:16) sligu                               - i=236
[  debug  ] (2025-08-15 17:20:16) sligu                               - i=237
[  debug  ] (2025-08-15 17:20:16) sligu                               - i=238
[  debug  ] (2025-08-15 17:20:16) sligu                               - i=239
[  debug  ] (2025-08-15 17:20:16) sligu                               - i=240
[  debug  ] (2025-08-15 17:20:16) sligu                               - i=241
[  debug  ] (2025-08-15 17:20:16) sligu                               - i=242
[  debug  ] (2025-08-15 17:20:16) sligu                               - i=243
[  debug  ] (2025-08-15 17:20:16) sligu                               - i=244
[  debug  ] (2025-08-15 17:20:16) sligu                               - i=245
[  debug  ] (2025-08-15 17:20:16) sligu                               - i=246
[  debug  ] (2025-08-15 17:20:16) sligu                               - i=247
[  debug  ] (2025-08-15 17:20:16) sligu                               - i=248
[  debug  ] (2025-08-15 17:20:16) sligu                               - i=249
[  debug  ] (2025-08-15 17:20:16) sligu                               - i=250
[  debug  ] (2025-08-15 17:20:16) sligu                               - i=251
[  debug  ] (2025-08-15 17:20:16) sligu                               - i=252
[  debug  ] (2025-08-15 17:20:16) sligu                               - i=253
[  debug  ] (2025-08-15 17:20:16) sligu                               - i=254
[  debug  ] (2025-08-15 17:20:16) sligu                               - i=255
[  debug  ] (2025-08-15 17:20:16) sligu                               - i=256
[  debug  ] (2025-08-15 17:20:16) sligu                               - i=257
[  debug  ] (2025-08-15 17:20:16) sligu                               - i=258
[  debug  ] (2025-08-15 17:20:16) sligu                               - i=259
[  debug  ] (2025-08-15 17:20:16) sligu                               - i=260
[  debug  ] (2025-08-15 17:20:16) sligu                               - i=261
[  debug  ] (2025-08-15 17:20:16) sligu                               - i=262
[  debug  ] (2025-08-15 17:20:16) sligu                               - i=263
[  debug  ] (2025-08-15 17:20:16) sligu                               - i=264
[  debug  ] (2025-08-15 17:20:16) sligu                               - i=265
[  debug  ] (2025-08-15 17:20:16) sligu                               - i=266
[  debug  ] (2025-08-15 17:20:16) sligu                               - i=267
[  debug  ] (2025-08-15 17:20:16) sligu                               - i=268
[  debug  ] (2025-08-15 17:20:16) sligu                               - i=269
[  debug  ] (2025-08-15 17:20:16) sligu                               - i=270
[  debug  ] (2025-08-15 17:20:16) sligu                               - i=271
[  debug  ] (2025-08-15 17:20:16) sligu                               - i=272
[  debug  ] (2025-08-15 17:20:16) sligu                               - i=273
[  debug  ] (2025-08-15 17:20:16) sligu                               - i=274
[  debug  ] (2025-08-15 17:20:16) sligu                               - i=275
[  debug  ] (2025-08-15 17:20:16) sligu                               - i=276
[  debug  ] (2025-08-15 17:20:16) sligu                               - i=277
[  debug  ] (2025-08-15 17:20:16) sligu                               - i=278
[  debug  ] (2025-08-15 17:20:16) sligu                               - i=279
[  debug  ] (2025-08-15 17:20:17) sligu                               - i=280
[  debug  ] (2025-08-15 17:20:17) sligu                               - i=281
[  debug  ] (2025-08-15 17:20:17) sligu                               - i=282
[  debug  ] (2025-08-15 17:20:17) sligu                               - i=283
[  debug  ] (2025-08-15 17:20:17) sligu                               - i=284
[  debug  ] (2025-08-15 17:20:17) sligu                               - i=285
[  debug  ] (2025-08-15 17:20:17) sligu                               - i=286
[  debug  ] (2025-08-15 17:20:17) sligu                               - i=287
[  debug  ] (2025-08-15 17:20:17) sligu                               - i=288
[  debug  ] (2025-08-15 17:20:17) sligu                               - i=289
[  debug  ] (2025-08-15 17:20:17) sligu                               - i=290
[  debug  ] (2025-08-15 17:20:17) sligu                               - i=291
[  debug  ] (2025-08-15 17:20:17) sligu                               - i=292
[  debug  ] (2025-08-15 17:20:17) sligu                               - i=293
[  debug  ] (2025-08-15 17:20:17) sligu                               - i=294
[  debug  ] (2025-08-15 17:20:17) sligu                               - i=295
[  debug  ] (2025-08-15 17:20:17) sligu                               - i=296
[  debug  ] (2025-08-15 17:20:17) sligu                               - i=297
[  debug  ] (2025-08-15 17:20:17) sligu                               - i=298
[  debug  ] (2025-08-15 17:20:17) sligu                               - i=299
[  debug  ] (2025-08-15 17:20:17) sligu                               - i=300
[  debug  ] (2025-08-15 17:20:17) sligu                               - i=301
[  debug  ] (2025-08-15 17:20:17) sligu                               - i=302
[  debug  ] (2025-08-15 17:20:17) sligu                               - i=303
[  debug  ] (2025-08-15 17:20:17) sligu                               - i=304
[  debug  ] (2025-08-15 17:20:17) sligu                               - i=305
[  debug  ] (2025-08-15 17:20:17) sligu                               - i=306
[  debug  ] (2025-08-15 17:20:17) sligu                               - i=307
[  debug  ] (2025-08-15 17:20:17) sligu                               - i=308
[  debug  ] (2025-08-15 17:20:17) sligu                               - i=309
[  debug  ] (2025-08-15 17:20:17) sligu                               - i=310
[  debug  ] (2025-08-15 17:20:17) sligu                               - i=311
[  debug  ] (2025-08-15 17:20:17) sligu                               - i=312
[  debug  ] (2025-08-15 17:20:17) sligu                               - i=313
[  debug  ] (2025-08-15 17:20:17) sligu                               - i=314
[  debug  ] (2025-08-15 17:20:17) sligu                               - i=315
[  debug  ] (2025-08-15 17:20:17) sligu                               - i=316
[  debug  ] (2025-08-15 17:20:17) sligu                               - i=317
[  debug  ] (2025-08-15 17:20:17) sligu                               - i=318
[  debug  ] (2025-08-15 17:20:17) sligu                               - i=319
[  debug  ] (2025-08-15 17:20:17) sligu                               - i=320
[  debug  ] (2025-08-15 17:20:17) sligu                               - i=321
[  debug  ] (2025-08-15 17:20:17) sligu                               - i=322
[  debug  ] (2025-08-15 17:20:17) sligu                               - i=323
[  debug  ] (2025-08-15 17:20:17) sligu                               - i=324
[  debug  ] (2025-08-15 17:20:17) sligu                               - i=325
[  debug  ] (2025-08-15 17:20:17) sligu                               - i=326
[  debug  ] (2025-08-15 17:20:17) sligu                               - i=327
[  debug  ] (2025-08-15 17:20:17) sligu                               - i=328
[  debug  ] (2025-08-15 17:20:17) sligu                               - i=329
[  debug  ] (2025-08-15 17:20:17) sligu                               - i=330
[  debug  ] (2025-08-15 17:20:17) sligu                               - i=331
[  debug  ] (2025-08-15 17:20:17) sligu                               - i=332
[  debug  ] (2025-08-15 17:20:17) sligu                               - i=333
[  debug  ] (2025-08-15 17:20:17) sligu                               - i=334
[  debug  ] (2025-08-15 17:20:17) sligu                               - i=335
[  debug  ] (2025-08-15 17:20:17) sligu                               - i=336
[  debug  ] (2025-08-15 17:20:17) sligu                               - i=337
[  debug  ] (2025-08-15 17:20:17) sligu                               - i=338
[  debug  ] (2025-08-15 17:20:17) sligu                               - i=339
[  debug  ] (2025-08-15 17:20:17) sligu                               - i=340
[  debug  ] (2025-08-15 17:20:17) sligu                               - i=341
[  debug  ] (2025-08-15 17:20:17) sligu                               - i=342
[  debug  ] (2025-08-15 17:20:17) sligu                               - i=343
[  debug  ] (2025-08-15 17:20:17) sligu                               - i=344
[  debug  ] (2025-08-15 17:20:17) sligu                               - i=345
[  debug  ] (2025-08-15 17:20:17) sligu                               - i=346
[  debug  ] (2025-08-15 17:20:17) sligu                               - i=347
[  debug  ] (2025-08-15 17:20:17) sligu                               - i=348
[  debug  ] (2025-08-15 17:20:17) sligu                               - i=349
[  debug  ] (2025-08-15 17:20:17) sligu                               - i=350
[  debug  ] (2025-08-15 17:20:17) sligu                               - i=351
[  debug  ] (2025-08-15 17:20:17) sligu                               - i=352
[  debug  ] (2025-08-15 17:20:17) sligu                               - i=353
[  debug  ] (2025-08-15 17:20:17) sligu                               - i=354
[  debug  ] (2025-08-15 17:20:17) sligu                               - i=355
[  debug  ] (2025-08-15 17:20:17) sligu                               - i=356
[  debug  ] (2025-08-15 17:20:17) sligu                               - i=357
[  debug  ] (2025-08-15 17:20:17) sligu                               - i=358
[  debug  ] (2025-08-15 17:20:17) sligu                               - i=359
[  debug  ] (2025-08-15 17:20:17) sligu                               - i=360
[  debug  ] (2025-08-15 17:20:17) sligu                               - i=361
[  debug  ] (2025-08-15 17:20:17) sligu                               - i=362
[  debug  ] (2025-08-15 17:20:17) sligu                               - i=363
[  debug  ] (2025-08-15 17:20:17) sligu                               - i=364
[  debug  ] (2025-08-15 17:20:17) sligu                               - i=365
[  debug  ] (2025-08-15 17:20:17) sligu                               - i=366
[  debug  ] (2025-08-15 17:20:17) sligu                               - i=367
[  debug  ] (2025-08-15 17:20:17) sligu                               - i=368
[  debug  ] (2025-08-15 17:20:17) sligu                               - i=369
[  debug  ] (2025-08-15 17:20:17) sligu                               - i=370
[  debug  ] (2025-08-15 17:20:17) sligu                               - i=371
[  debug  ] (2025-08-15 17:20:17) sligu                               - i=372
[  debug  ] (2025-08-15 17:20:17) sligu                               - i=373
[  debug  ] (2025-08-15 17:20:17) sligu                               - i=374
[  debug  ] (2025-08-15 17:20:17) sligu                               - i=375
[  debug  ] (2025-08-15 17:20:17) sligu                               - i=376
[  debug  ] (2025-08-15 17:20:17) sligu                               - i=377
[  debug  ] (2025-08-15 17:20:17) sligu                               - i=378
[  debug  ] (2025-08-15 17:20:17) sligu                               - i=379
[  debug  ] (2025-08-15 17:20:17) sligu                               - i=380
[  debug  ] (2025-08-15 17:20:17) sligu                               - i=381
[  debug  ] (2025-08-15 17:20:17) sligu                               - i=382
[  debug  ] (2025-08-15 17:20:17) sligu                               - i=383
[  debug  ] (2025-08-15 17:20:17) sligu                               - i=384
[  debug  ] (2025-08-15 17:20:17) sligu                               - i=385
[  debug  ] (2025-08-15 17:20:17) sligu                               - i=386
[  debug  ] (2025-08-15 17:20:17) sligu                               - i=387
[  debug  ] (2025-08-15 17:20:17) sligu                               - i=388
[  debug  ] (2025-08-15 17:20:17) sligu                               - i=389
[  debug  ] (2025-08-15 17:20:17) sligu                               - i=390
[  debug  ] (2025-08-15 17:20:17) sligu                               - i=391
[  debug  ] (2025-08-15 17:20:17) sligu                               - i=392
[  debug  ] (2025-08-15 17:20:17) sligu                               - i=393
[  debug  ] (2025-08-15 17:20:17) sligu                               - i=394
[  debug  ] (2025-08-15 17:20:17) sligu                               - i=395
[  debug  ] (2025-08-15 17:20:17) sligu                               - i=396
[  debug  ] (2025-08-15 17:20:17) sligu                               - i=397
[  debug  ] (2025-08-15 17:20:17) sligu                               - i=398
[  debug  ] (2025-08-15 17:20:17) sligu                               - i=399
[  debug  ] (2025-08-15 17:20:17) sligu                               - i=400
[  debug  ] (2025-08-15 17:20:17) sligu                               - i=401
[  debug  ] (2025-08-15 17:20:17) sligu                               - i=402
[  debug  ] (2025-08-15 17:20:17) sligu                               - i=403
[  debug  ] (2025-08-15 17:20:17) sligu                               - i=404
[  debug  ] (2025-08-15 17:20:17) sligu                               - i=405
[  debug  ] (2025-08-15 17:20:17) sligu                               - i=406
[  debug  ] (2025-08-15 17:20:17) sligu                               - i=407
[  debug  ] (2025-08-15 17:20:17) sligu                               - i=408
[  debug  ] (2025-08-15 17:20:17) sligu                               - i=409
[  debug  ] (2025-08-15 17:20:17) sligu                               - i=410
[  debug  ] (2025-08-15 17:20:17) sligu                               - i=411
[  debug  ] (2025-08-15 17:20:17) sligu                               - i=412
[  debug  ] (2025-08-15 17:20:17) sligu                               - i=413
[  debug  ] (2025-08-15 17:20:17) sligu                               - i=414
[  debug  ] (2025-08-15 17:20:17) sligu                               - i=415
[  debug  ] (2025-08-15 17:20:17) sligu                               - i=416
[  debug  ] (2025-08-15 17:20:17) sligu                               - i=417
[  debug  ] (2025-08-15 17:20:17) sligu                               - i=418
[  debug  ] (2025-08-15 17:20:17) sligu                               - i=419
[  debug  ] (2025-08-15 17:20:17) sligu                               - i=420
[  debug  ] (2025-08-15 17:20:17) sligu                               - i=421
[  debug  ] (2025-08-15 17:20:17) sligu                               - i=422
[  debug  ] (2025-08-15 17:20:17) sligu                               - i=423
[  debug  ] (2025-08-15 17:20:17) sligu                               - i=424
[  debug  ] (2025-08-15 17:20:17) sligu                               - i=425
[  debug  ] (2025-08-15 17:20:17) sligu                               - i=426
[  debug  ] (2025-08-15 17:20:17) sligu                               - i=427
[  debug  ] (2025-08-15 17:20:17) sligu                               - i=428
[  debug  ] (2025-08-15 17:20:18) sligu                               - i=429
[  debug  ] (2025-08-15 17:20:18) sligu                               - i=430
[  debug  ] (2025-08-15 17:20:18) sligu                               - i=431
[  debug  ] (2025-08-15 17:20:18) sligu                               - i=432
[  debug  ] (2025-08-15 17:20:18) sligu                               - i=433
[  debug  ] (2025-08-15 17:20:18) sligu                               - i=434
[  debug  ] (2025-08-15 17:20:18) sligu                               - i=435
[  debug  ] (2025-08-15 17:20:18) sligu                               - i=436
[  debug  ] (2025-08-15 17:20:18) sligu                               - i=437
[  debug  ] (2025-08-15 17:20:18) sligu                               - i=438
[  debug  ] (2025-08-15 17:20:18) sligu                               - i=439
[  debug  ] (2025-08-15 17:20:18) sligu                               - i=440
[  debug  ] (2025-08-15 17:20:18) sligu                               - i=441
[  debug  ] (2025-08-15 17:20:18) sligu                               - i=442
[  debug  ] (2025-08-15 17:20:18) sligu                               - i=443
[  debug  ] (2025-08-15 17:20:18) sligu                               - i=444
[  debug  ] (2025-08-15 17:20:18) sligu                               - i=445
[  debug  ] (2025-08-15 17:20:18) sligu                               - i=446
[  debug  ] (2025-08-15 17:20:18) sligu                               - i=447
[  debug  ] (2025-08-15 17:20:18) sligu                               - i=448
[  debug  ] (2025-08-15 17:20:18) sligu                               - i=449
[  debug  ] (2025-08-15 17:20:18) sligu                               - i=450
[  debug  ] (2025-08-15 17:20:18) sligu                               - i=451
[  debug  ] (2025-08-15 17:20:18) sligu                               - i=452
[  debug  ] (2025-08-15 17:20:18) sligu                               - i=453
[  debug  ] (2025-08-15 17:20:18) sligu                               - i=454
[  debug  ] (2025-08-15 17:20:18) sligu                               - i=455
[  debug  ] (2025-08-15 17:20:18) sligu                               - i=456
[  debug  ] (2025-08-15 17:20:18) sligu                               - i=457
[  debug  ] (2025-08-15 17:20:18) sligu                               - i=458
[  debug  ] (2025-08-15 17:20:18) sligu                               - i=459
[  debug  ] (2025-08-15 17:20:18) sligu                               - i=460
[  debug  ] (2025-08-15 17:20:18) sligu                               - i=461
[  debug  ] (2025-08-15 17:20:18) sligu                               - i=462
[  debug  ] (2025-08-15 17:20:18) sligu                               - i=463
[  debug  ] (2025-08-15 17:20:18) sligu                               - i=464
[  debug  ] (2025-08-15 17:20:18) sligu                               - i=465
[  debug  ] (2025-08-15 17:20:18) sligu                               - i=466
[  debug  ] (2025-08-15 17:20:18) sligu                               - i=467
[  debug  ] (2025-08-15 17:20:18) sligu                               - i=468
[  debug  ] (2025-08-15 17:20:18) sligu                               - i=469
[  debug  ] (2025-08-15 17:20:18) sligu                               - i=470
[  debug  ] (2025-08-15 17:20:18) sligu                               - i=471
[  debug  ] (2025-08-15 17:20:18) sligu                               - i=472
[  debug  ] (2025-08-15 17:20:18) sligu                               - i=473
[  debug  ] (2025-08-15 17:20:18) sligu                               - i=474
[  debug  ] (2025-08-15 17:20:18) sligu                               - i=475
[  debug  ] (2025-08-15 17:20:18) sligu                               - i=476
[  debug  ] (2025-08-15 17:20:18) sligu                               - i=477
[  debug  ] (2025-08-15 17:20:18) sligu                               - i=478
[  debug  ] (2025-08-15 17:20:18) sligu                               - i=479
[  debug  ] (2025-08-15 17:20:18) sligu                               - i=480
[  debug  ] (2025-08-15 17:20:18) sligu                               - i=481
[  debug  ] (2025-08-15 17:20:18) sligu                               - i=482
[  debug  ] (2025-08-15 17:20:18) sligu                               - i=483
[  debug  ] (2025-08-15 17:20:18) sligu                               - i=484
[  debug  ] (2025-08-15 17:20:18) sligu                               - i=485
[  debug  ] (2025-08-15 17:20:18) sligu                               - i=486
[  debug  ] (2025-08-15 17:20:18) sligu                               - i=487
[  debug  ] (2025-08-15 17:20:18) sligu                               - i=488
[  debug  ] (2025-08-15 17:20:18) sligu                               - i=489
[  debug  ] (2025-08-15 17:20:18) sligu                               - i=490
[  debug  ] (2025-08-15 17:20:18) sligu                               - i=491
[  debug  ] (2025-08-15 17:20:18) sligu                               - i=492
[  debug  ] (2025-08-15 17:20:18) sligu                               - i=493
[  debug  ] (2025-08-15 17:20:18) sligu                               - i=494
[  debug  ] (2025-08-15 17:20:18) sligu                               - i=495
[  debug  ] (2025-08-15 17:20:18) sligu                               - i=496
[  debug  ] (2025-08-15 17:20:18) sligu                               - i=497
[  debug  ] (2025-08-15 17:20:18) sligu                               - i=498
[  debug  ] (2025-08-15 17:20:18) sligu                               - i=499
[  debug  ] (2025-08-15 17:20:18) sligu                               - i=500
[  debug  ] (2025-08-15 17:20:18) sligu                               - i=501
[  debug  ] (2025-08-15 17:20:18) sligu                               - i=502
[  debug  ] (2025-08-15 17:20:18) sligu                               - i=503
[  debug  ] (2025-08-15 17:20:18) sligu                               - i=504
[  debug  ] (2025-08-15 17:20:18) sligu                               - i=505
[  debug  ] (2025-08-15 17:20:18) sligu                               - i=506
[  debug  ] (2025-08-15 17:20:18) sligu                               - i=507
[  debug  ] (2025-08-15 17:20:18) sligu                               - i=508
[  debug  ] (2025-08-15 17:20:18) sligu                               - i=509
[  debug  ] (2025-08-15 17:20:18) sligu                               - i=510
[  debug  ] (2025-08-15 17:20:18) sligu                               - i=511
[  debug  ] (2025-08-15 17:20:18) sligu                               - i=512
[  debug  ] (2025-08-15 17:20:18) sligu                               - i=513
[  debug  ] (2025-08-15 17:20:18) sligu                               - i=514
[  debug  ] (2025-08-15 17:20:18) sligu                               - i=515
[  debug  ] (2025-08-15 17:20:18) sligu                               - i=516
[  debug  ] (2025-08-15 17:20:18) sligu                               - i=517
[  debug  ] (2025-08-15 17:20:18) sligu                               - i=518
[  debug  ] (2025-08-15 17:20:18) sligu                               - i=519
[  debug  ] (2025-08-15 17:20:18) sligu                               - i=520
[  debug  ] (2025-08-15 17:20:18) sligu                               - i=521
[  debug  ] (2025-08-15 17:20:18) sligu                               - i=522
[  debug  ] (2025-08-15 17:20:18) sligu                               - i=523
[  debug  ] (2025-08-15 17:20:18) sligu                               - i=524
[  debug  ] (2025-08-15 17:20:18) sligu                               - i=525
[  debug  ] (2025-08-15 17:20:18) sligu                               - i=526
[  debug  ] (2025-08-15 17:20:18) sligu                               - i=527
[  debug  ] (2025-08-15 17:20:18) sligu                               - i=528
[  debug  ] (2025-08-15 17:20:18) sligu                               - i=529
[  debug  ] (2025-08-15 17:20:18) sligu                               - i=530
[  debug  ] (2025-08-15 17:20:18) sligu                               - i=531
[  debug  ] (2025-08-15 17:20:18) sligu                               - i=532
[  debug  ] (2025-08-15 17:20:18) sligu                               - i=533
[  debug  ] (2025-08-15 17:20:18) sligu                               - i=534
[  debug  ] (2025-08-15 17:20:18) sligu                               - i=535
[  debug  ] (2025-08-15 17:20:18) sligu                               - i=536
[  debug  ] (2025-08-15 17:20:18) sligu                               - i=537
[  debug  ] (2025-08-15 17:20:18) sligu                               - i=538
[  debug  ] (2025-08-15 17:20:18) sligu                               - i=539
[  debug  ] (2025-08-15 17:20:18) sligu                               - i=540
[  debug  ] (2025-08-15 17:20:18) sligu                               - i=541
[  debug  ] (2025-08-15 17:20:18) sligu                               - i=542
[  debug  ] (2025-08-15 17:20:18) sligu                               - i=543
[  debug  ] (2025-08-15 17:20:18) sligu                               - i=544
[  debug  ] (2025-08-15 17:20:18) sligu                               - i=545
[  debug  ] (2025-08-15 17:20:18) sligu                               - i=546
[  debug  ] (2025-08-15 17:20:18) sligu                               - i=547
[  debug  ] (2025-08-15 17:20:18) sligu                               - i=548
[  debug  ] (2025-08-15 17:20:18) sligu                               - i=549
[  debug  ] (2025-08-15 17:20:18) sligu                               - i=550
[  debug  ] (2025-08-15 17:20:18) sligu                               - i=551
[  debug  ] (2025-08-15 17:20:18) sligu                               - i=552
[  debug  ] (2025-08-15 17:20:18) sligu                               - i=553
[  debug  ] (2025-08-15 17:20:18) sligu                               - i=554
[  debug  ] (2025-08-15 17:20:18) sligu                               - i=555
[  debug  ] (2025-08-15 17:20:18) sligu                               - i=556
[  debug  ] (2025-08-15 17:20:18) sligu                               - i=557
[  debug  ] (2025-08-15 17:20:19) sligu                               - i=558
[  debug  ] (2025-08-15 17:20:19) sligu                               - i=559
[  debug  ] (2025-08-15 17:20:19) sligu                               - i=560
[  debug  ] (2025-08-15 17:20:19) sligu                               - i=561
[  debug  ] (2025-08-15 17:20:19) sligu                               - i=562
[  debug  ] (2025-08-15 17:20:19) sligu                               - i=563
[  debug  ] (2025-08-15 17:20:19) sligu                               - i=564
[  debug  ] (2025-08-15 17:20:19) sligu                               - i=565
[  debug  ] (2025-08-15 17:20:19) sligu                               - i=566
[  debug  ] (2025-08-15 17:20:19) sligu                               - i=567
[  debug  ] (2025-08-15 17:20:19) sligu                               - i=568
[  debug  ] (2025-08-15 17:20:19) sligu                               - i=569
[  debug  ] (2025-08-15 17:20:19) sligu                               - i=570
[  debug  ] (2025-08-15 17:20:19) sligu                               - i=571
[  debug  ] (2025-08-15 17:20:19) sligu                               - i=572
[  debug  ] (2025-08-15 17:20:19) sligu                               - i=573
[  debug  ] (2025-08-15 17:20:19) sligu                               - i=574
[  debug  ] (2025-08-15 17:20:19) sligu                               - i=575
[  debug  ] (2025-08-15 17:20:19) sligu                               - i=576
[  debug  ] (2025-08-15 17:20:19) sligu                               - i=577
[  debug  ] (2025-08-15 17:20:19) sligu                               - i=578
[  debug  ] (2025-08-15 17:20:19) sligu                               - i=579
[  debug  ] (2025-08-15 17:20:19) sligu                               - i=580
[  debug  ] (2025-08-15 17:20:19) sligu                               - i=581
[  debug  ] (2025-08-15 17:20:19) sligu                               - i=582
[  debug  ] (2025-08-15 17:20:19) sligu                               - i=583
[  debug  ] (2025-08-15 17:20:19) sligu                               - i=584
[  debug  ] (2025-08-15 17:20:19) sligu                               - i=585
[  debug  ] (2025-08-15 17:20:19) sligu                               - i=586
[  debug  ] (2025-08-15 17:20:19) sligu                               - i=587
[  debug  ] (2025-08-15 17:20:19) sligu                               - i=588
[  debug  ] (2025-08-15 17:20:19) sligu                               - i=589
[  debug  ] (2025-08-15 17:20:19) sligu                               - i=590
[  debug  ] (2025-08-15 17:20:19) sligu                               - i=591
[  debug  ] (2025-08-15 17:20:19) sligu                               - i=592
[  debug  ] (2025-08-15 17:20:19) sligu                               - i=593
[  debug  ] (2025-08-15 17:20:19) sligu                               - i=594
[  debug  ] (2025-08-15 17:20:19) sligu                               - i=595
[  debug  ] (2025-08-15 17:20:19) sligu                               - i=596
[  debug  ] (2025-08-15 17:20:19) sligu                               - i=597
[  debug  ] (2025-08-15 17:20:19) sligu                               - i=598
[  debug  ] (2025-08-15 17:20:19) sligu                               - i=599
[  debug  ] (2025-08-15 17:20:19) sligu                               - i=600
[  debug  ] (2025-08-15 17:20:19) sligu                               - i=601
[  debug  ] (2025-08-15 17:20:19) sligu                               - i=602
[  debug  ] (2025-08-15 17:20:19) sligu                               - i=603
[  debug  ] (2025-08-15 17:20:19) sligu                               - i=604
[  debug  ] (2025-08-15 17:20:19) sligu                               - i=605
[  debug  ] (2025-08-15 17:20:19) sligu                               - i=606
[  debug  ] (2025-08-15 17:20:19) sligu                               - i=607
[  debug  ] (2025-08-15 17:20:19) sligu                               - i=608
[  debug  ] (2025-08-15 17:20:19) sligu                               - i=609
[  debug  ] (2025-08-15 17:20:19) sligu                               - i=610
[  debug  ] (2025-08-15 17:20:19) sligu                               - i=611
[  debug  ] (2025-08-15 17:20:19) sligu                               - i=612
[  debug  ] (2025-08-15 17:20:19) sligu                               - i=613
[  debug  ] (2025-08-15 17:20:19) sligu                               - i=614
[  debug  ] (2025-08-15 17:20:19) sligu                               - i=615
[  debug  ] (2025-08-15 17:20:19) sligu                               - i=616
[  debug  ] (2025-08-15 17:20:19) sligu                               - i=617
[  debug  ] (2025-08-15 17:20:19) sligu                               - i=618
[  debug  ] (2025-08-15 17:20:19) sligu                               - i=619
[  debug  ] (2025-08-15 17:20:19) sligu                               - i=620
[  debug  ] (2025-08-15 17:20:19) sligu                               - i=621
[  debug  ] (2025-08-15 17:20:19) sligu                               - i=622
[  debug  ] (2025-08-15 17:20:19) sligu                               - i=623
[  debug  ] (2025-08-15 17:20:19) sligu                               - i=624
[  debug  ] (2025-08-15 17:20:19) sligu                               - i=625
[  debug  ] (2025-08-15 17:20:19) sligu                               - i=626
[  debug  ] (2025-08-15 17:20:19) sligu                               - i=627
[  debug  ] (2025-08-15 17:20:19) sligu                               - i=628
[  debug  ] (2025-08-15 17:20:19) sligu                               - i=629
[  debug  ] (2025-08-15 17:20:19) sligu                               - i=630
[  debug  ] (2025-08-15 17:20:19) sligu                               - i=631
[  debug  ] (2025-08-15 17:20:19) sligu                               - i=632
[  debug  ] (2025-08-15 17:20:19) sligu                               - i=633
[  debug  ] (2025-08-15 17:20:19) sligu                               - i=634
[  debug  ] (2025-08-15 17:20:19) sligu                               - i=635
[  debug  ] (2025-08-15 17:20:19) sligu                               - i=636
[  debug  ] (2025-08-15 17:20:19) sligu                               - i=637
[  debug  ] (2025-08-15 17:20:19) sligu                               - i=638
[  debug  ] (2025-08-15 17:20:19) sligu                               - i=639
[  debug  ] (2025-08-15 17:20:19) sligu                               - i=640
[  debug  ] (2025-08-15 17:20:19) sligu                               - i=641
[  debug  ] (2025-08-15 17:20:19) sligu                               - i=642
[  debug  ] (2025-08-15 17:20:19) sligu                               - i=643
[  debug  ] (2025-08-15 17:20:19) sligu                               - i=644
[  debug  ] (2025-08-15 17:20:19) sligu                               - i=645
[  debug  ] (2025-08-15 17:20:19) sligu                               - i=646
[  debug  ] (2025-08-15 17:20:19) sligu                               - i=647
[  debug  ] (2025-08-15 17:20:19) sligu                               - i=648
[  debug  ] (2025-08-15 17:20:19) sligu                               - i=649
[  debug  ] (2025-08-15 17:20:19) sligu                               - i=650
[  debug  ] (2025-08-15 17:20:19) sligu                               - i=651
[  debug  ] (2025-08-15 17:20:19) sligu                               - i=652
[  debug  ] (2025-08-15 17:20:19) sligu                               - i=653
[  debug  ] (2025-08-15 17:20:19) sligu                               - i=654
[  debug  ] (2025-08-15 17:20:19) sligu                               - i=655
[  debug  ] (2025-08-15 17:20:19) sligu                               - i=656
[  debug  ] (2025-08-15 17:20:19) sligu                               - i=657
[  debug  ] (2025-08-15 17:20:19) sligu                               - i=658
[  debug  ] (2025-08-15 17:20:19) sligu                               - i=659
[  debug  ] (2025-08-15 17:20:19) sligu                               - i=660
[  debug  ] (2025-08-15 17:20:19) sligu                               - i=661
[  debug  ] (2025-08-15 17:20:19) sligu                               - i=662
[  debug  ] (2025-08-15 17:20:19) sligu                               - i=663
[  debug  ] (2025-08-15 17:20:19) sligu                               - i=664
[  debug  ] (2025-08-15 17:20:19) sligu                               - i=665
[  debug  ] (2025-08-15 17:20:19) sligu                               - i=666
[  debug  ] (2025-08-15 17:20:19) sligu                               - i=667
[  debug  ] (2025-08-15 17:20:19) sligu                               - i=668
[  debug  ] (2025-08-15 17:20:20) sligu                               - i=669
[  debug  ] (2025-08-15 17:20:20) sligu                               - i=670
[  debug  ] (2025-08-15 17:20:20) sligu                               - i=671
[  debug  ] (2025-08-15 17:20:20) sligu                               - i=672
[  debug  ] (2025-08-15 17:20:20) sligu                               - i=673
[  debug  ] (2025-08-15 17:20:20) sligu                               - i=674
[  debug  ] (2025-08-15 17:20:20) sligu                               - i=675
[  debug  ] (2025-08-15 17:20:20) sligu                               - i=676
[  debug  ] (2025-08-15 17:20:20) sligu                               - i=677
[  debug  ] (2025-08-15 17:20:20) sligu                               - i=678
[  debug  ] (2025-08-15 17:20:20) sligu                               - i=679
[  debug  ] (2025-08-15 17:20:20) sligu                               - i=680
[  debug  ] (2025-08-15 17:20:20) sligu                               - i=681
[  debug  ] (2025-08-15 17:20:20) sligu                               - i=682
[  debug  ] (2025-08-15 17:20:20) sligu                               - i=683
[  debug  ] (2025-08-15 17:20:20) sligu                               - i=684
[  debug  ] (2025-08-15 17:20:20) sligu                               - i=685
[  debug  ] (2025-08-15 17:20:20) sligu                               - i=686
[  debug  ] (2025-08-15 17:20:20) sligu                               - i=687
[  debug  ] (2025-08-15 17:20:20) sligu                               - i=688
[  debug  ] (2025-08-15 17:20:20) sligu                               - i=689
[  debug  ] (2025-08-15 17:20:20) sligu                               - i=690
[  debug  ] (2025-08-15 17:20:20) sligu                               - i=691
[  debug  ] (2025-08-15 17:20:20) sligu                               - i=692
[  debug  ] (2025-08-15 17:20:20) sligu                               - i=693
[  debug  ] (2025-08-15 17:20:20) sligu                               - i=694
[  debug  ] (2025-08-15 17:20:20) sligu                               - i=695
[  debug  ] (2025-08-15 17:20:20) sligu                               - i=696
[  debug  ] (2025-08-15 17:20:20) sligu                               - i=697
[  debug  ] (2025-08-15 17:20:20) sligu                               - i=698
[  debug  ] (2025-08-15 17:20:20) sligu                               - i=699
[  debug  ] (2025-08-15 17:20:20) sligu                               - i=700
[  debug  ] (2025-08-15 17:20:20) sligu                               - i=701
[  debug  ] (2025-08-15 17:20:20) sligu                               - i=702
[  debug  ] (2025-08-15 17:20:20) sligu                               - i=703
[  debug  ] (2025-08-15 17:20:20) sligu                               - i=704
[  debug  ] (2025-08-15 17:20:20) sligu                               - i=705
[  debug  ] (2025-08-15 17:20:20) sligu                               - i=706
[  debug  ] (2025-08-15 17:20:20) sligu                               - i=707
[  debug  ] (2025-08-15 17:20:20) sligu                               - i=708
[  debug  ] (2025-08-15 17:20:20) sligu                               - i=709
[  debug  ] (2025-08-15 17:20:20) sligu                               - i=710
[  debug  ] (2025-08-15 17:20:20) sligu                               - i=711
[  debug  ] (2025-08-15 17:20:20) sligu                               - i=712
[  debug  ] (2025-08-15 17:20:20) sligu                               - i=713
[  debug  ] (2025-08-15 17:20:20) sligu                               - i=714
[  debug  ] (2025-08-15 17:20:20) sligu                               - i=715
[  debug  ] (2025-08-15 17:20:20) sligu                               - i=716
[  debug  ] (2025-08-15 17:20:20) sligu                               - i=717
[  debug  ] (2025-08-15 17:20:20) sligu                               - i=718
[  debug  ] (2025-08-15 17:20:20) sligu                               - i=719
[  debug  ] (2025-08-15 17:20:20) sligu                               - i=720
[  debug  ] (2025-08-15 17:20:20) sligu                               - i=721
[  debug  ] (2025-08-15 17:20:20) sligu                               - i=722
[  debug  ] (2025-08-15 17:20:20) sligu                               - i=723
[  debug  ] (2025-08-15 17:20:20) sligu                               - i=724
[  debug  ] (2025-08-15 17:20:20) sligu                               - i=725
[  debug  ] (2025-08-15 17:20:20) sligu                               - i=726
[  debug  ] (2025-08-15 17:20:20) sligu                               - i=727
[  debug  ] (2025-08-15 17:20:20) sligu                               - i=728
[  debug  ] (2025-08-15 17:20:20) sligu                               - i=729
[  debug  ] (2025-08-15 17:20:20) sligu                               - i=730
[  debug  ] (2025-08-15 17:20:20) sligu                               - i=731
[  debug  ] (2025-08-15 17:20:20) sligu                               - i=732
[  debug  ] (2025-08-15 17:20:20) sligu                               - i=733
[  debug  ] (2025-08-15 17:20:20) sligu                               - i=734
[  debug  ] (2025-08-15 17:20:20) sligu                               - i=735
[  debug  ] (2025-08-15 17:20:20) sligu                               - i=736
[  debug  ] (2025-08-15 17:20:20) sligu                               - i=737
[  debug  ] (2025-08-15 17:20:20) sligu                               - i=738
[  debug  ] (2025-08-15 17:20:20) sligu                               - i=739
[  debug  ] (2025-08-15 17:20:20) sligu                               - i=740
[  debug  ] (2025-08-15 17:20:20) sligu                               - i=741
[  debug  ] (2025-08-15 17:20:20) sligu                               - i=742
[  debug  ] (2025-08-15 17:20:20) sligu                               - i=743
[  debug  ] (2025-08-15 17:20:20) sligu                               - i=744
[  debug  ] (2025-08-15 17:20:20) sligu                               - i=745
[  debug  ] (2025-08-15 17:20:20) sligu                               - i=746
[  debug  ] (2025-08-15 17:20:20) sligu                               - i=747
[  debug  ] (2025-08-15 17:20:20) sligu                               - i=748
[  debug  ] (2025-08-15 17:20:20) sligu                               - i=749
[  debug  ] (2025-08-15 17:20:20) sligu                               - i=750
[  debug  ] (2025-08-15 17:20:20) sligu                               - i=751
[  debug  ] (2025-08-15 17:20:20) sligu                               - i=752
[  debug  ] (2025-08-15 17:20:20) sligu                               - i=753
[  debug  ] (2025-08-15 17:20:20) sligu                               - i=754
[  debug  ] (2025-08-15 17:20:20) sligu                               - i=755
[  debug  ] (2025-08-15 17:20:20) sligu                               - i=756
[  debug  ] (2025-08-15 17:20:20) sligu                               - i=757
[  debug  ] (2025-08-15 17:20:20) sligu                               - i=758
[  debug  ] (2025-08-15 17:20:20) sligu                               - i=759
[  debug  ] (2025-08-15 17:20:20) sligu                               - i=760
[  debug  ] (2025-08-15 17:20:20) sligu                               - i=761
[  debug  ] (2025-08-15 17:20:20) sligu                               - i=762
[  debug  ] (2025-08-15 17:20:20) sligu                               - i=763
[  debug  ] (2025-08-15 17:20:20) sligu                               - i=764
[  debug  ] (2025-08-15 17:20:20) sligu                               - i=765
[  debug  ] (2025-08-15 17:20:20) sligu                               - i=766
[  debug  ] (2025-08-15 17:20:20) sligu                               - i=767
[  debug  ] (2025-08-15 17:20:20) sligu                               - i=768
[  debug  ] (2025-08-15 17:20:20) sligu                               - i=769
[  debug  ] (2025-08-15 17:20:20) sligu                               - i=770
[  debug  ] (2025-08-15 17:20:20) sligu                               - i=771
[  debug  ] (2025-08-15 17:20:20) sligu                               - i=772
[  debug  ] (2025-08-15 17:20:21) sligu                               - i=773
[  debug  ] (2025-08-15 17:20:21) sligu                               - i=774
[  debug  ] (2025-08-15 17:20:21) sligu                               - i=775
[  debug  ] (2025-08-15 17:20:21) sligu                               - i=776
[  debug  ] (2025-08-15 17:20:21) sligu                               - i=777
[  debug  ] (2025-08-15 17:20:21) sligu                               - i=778
[  debug  ] (2025-08-15 17:20:21) sligu                               - i=779
[  debug  ] (2025-08-15 17:20:21) sligu                               - i=780
[  debug  ] (2025-08-15 17:20:21) sligu                               - i=781
[  debug  ] (2025-08-15 17:20:21) sligu                               - i=782
[  debug  ] (2025-08-15 17:20:21) sligu                               - i=783
[  debug  ] (2025-08-15 17:20:21) sligu                               - i=784
[  debug  ] (2025-08-15 17:20:21) sligu                               - i=785
[  debug  ] (2025-08-15 17:20:21) sligu                               - i=786
[  debug  ] (2025-08-15 17:20:21) sligu                               - i=787
[  debug  ] (2025-08-15 17:20:21) sligu                               - i=788
[  debug  ] (2025-08-15 17:20:21) sligu                               - i=789
[  debug  ] (2025-08-15 17:20:21) sligu                               - i=790
[  debug  ] (2025-08-15 17:20:21) sligu                               - i=791
[  debug  ] (2025-08-15 17:20:21) sligu                               - i=792
[  debug  ] (2025-08-15 17:20:21) sligu                               - i=793
[  debug  ] (2025-08-15 17:20:21) sligu                               - i=794
[  debug  ] (2025-08-15 17:20:21) sligu                               - i=795
[  debug  ] (2025-08-15 17:20:21) sligu                               - i=796
[  debug  ] (2025-08-15 17:20:21) sligu                               - i=797
[  debug  ] (2025-08-15 17:20:21) sligu                               - i=798
[  debug  ] (2025-08-15 17:20:21) sligu                               - i=799
[  debug  ] (2025-08-15 17:20:21) sligu                               - i=800
[  debug  ] (2025-08-15 17:20:21) sligu                               - i=801
[  debug  ] (2025-08-15 17:20:21) sligu                               - i=802
[  debug  ] (2025-08-15 17:20:21) sligu                               - i=803
[  debug  ] (2025-08-15 17:20:21) sligu                               - i=804
[  debug  ] (2025-08-15 17:20:21) sligu                               - i=805
[  debug  ] (2025-08-15 17:20:21) sligu                               - i=806
[  debug  ] (2025-08-15 17:20:21) sligu                               - i=807
[  debug  ] (2025-08-15 17:20:21) sligu                               - i=808
[  debug  ] (2025-08-15 17:20:21) sligu                               - i=809
[  debug  ] (2025-08-15 17:20:21) sligu                               - i=810
[  debug  ] (2025-08-15 17:20:21) sligu                               - i=811
[  debug  ] (2025-08-15 17:20:21) sligu                               - i=812
[  debug  ] (2025-08-15 17:20:21) sligu                               - i=813
[  debug  ] (2025-08-15 17:20:21) sligu                               - i=814
[  debug  ] (2025-08-15 17:20:21) sligu                               - i=815
[  debug  ] (2025-08-15 17:20:21) sligu                               - i=816
[  debug  ] (2025-08-15 17:20:21) sligu                               - i=817
[  debug  ] (2025-08-15 17:20:21) sligu                               - i=818
[  debug  ] (2025-08-15 17:20:21) sligu                               - i=819
[  debug  ] (2025-08-15 17:20:21) sligu                               - i=820
[  debug  ] (2025-08-15 17:20:21) sligu                               - i=821
[  debug  ] (2025-08-15 17:20:21) sligu                               - i=822
[  debug  ] (2025-08-15 17:20:21) sligu                               - i=823
[  debug  ] (2025-08-15 17:20:21) sligu                               - i=824
[  debug  ] (2025-08-15 17:20:21) sligu                               - i=825
[  debug  ] (2025-08-15 17:20:21) sligu                               - i=826
[  debug  ] (2025-08-15 17:20:21) sligu                               - i=827
[  debug  ] (2025-08-15 17:20:21) sligu                               - i=828
[  debug  ] (2025-08-15 17:20:21) sligu                               - i=829
[  debug  ] (2025-08-15 17:20:21) sligu                               - i=830
[  debug  ] (2025-08-15 17:20:21) sligu                               - i=831
[  debug  ] (2025-08-15 17:20:21) sligu                               - i=832
[  debug  ] (2025-08-15 17:20:21) sligu                               - i=833
[  debug  ] (2025-08-15 17:20:21) sligu                               - i=834
[  debug  ] (2025-08-15 17:20:21) sligu                               - i=835
[  debug  ] (2025-08-15 17:20:21) sligu                               - i=836
[  debug  ] (2025-08-15 17:20:21) sligu                               - i=837
[  debug  ] (2025-08-15 17:20:21) sligu                               - i=838
[  debug  ] (2025-08-15 17:20:21) sligu                               - i=839
[  debug  ] (2025-08-15 17:20:21) sligu                               - i=840
[  debug  ] (2025-08-15 17:20:21) sligu                               - i=841
[  debug  ] (2025-08-15 17:20:21) sligu                               - i=842
[  debug  ] (2025-08-15 17:20:21) sligu                               - i=843
[  debug  ] (2025-08-15 17:20:21) sligu                               - i=844
[  debug  ] (2025-08-15 17:20:21) sligu                               - i=845
[  debug  ] (2025-08-15 17:20:21) sligu                               - i=846
[  debug  ] (2025-08-15 17:20:21) sligu                               - i=847
[  debug  ] (2025-08-15 17:20:21) sligu                               - i=848
[  debug  ] (2025-08-15 17:20:21) sligu                               - i=849
[  debug  ] (2025-08-15 17:20:21) sligu                               - i=850
[  debug  ] (2025-08-15 17:20:21) sligu                               - i=851
[  debug  ] (2025-08-15 17:20:21) sligu                               - i=852
[  debug  ] (2025-08-15 17:20:21) sligu                               - i=853
[  debug  ] (2025-08-15 17:20:21) sligu                               - i=854
[  debug  ] (2025-08-15 17:20:21) sligu                               - i=855
[  debug  ] (2025-08-15 17:20:21) sligu                               - i=856
[  debug  ] (2025-08-15 17:20:21) sligu                               - i=857
[  debug  ] (2025-08-15 17:20:21) sligu                               - i=858
[  debug  ] (2025-08-15 17:20:21) sligu                               - i=859
[  debug  ] (2025-08-15 17:20:21) sligu                               - i=860
[  debug  ] (2025-08-15 17:20:21) sligu                               - i=861
[  debug  ] (2025-08-15 17:20:21) sligu                               - i=862
[  debug  ] (2025-08-15 17:20:21) sligu                               - i=863
[  debug  ] (2025-08-15 17:20:21) sligu                               - i=864
[  debug  ] (2025-08-15 17:20:21) sligu                               - i=865
[  debug  ] (2025-08-15 17:20:21) sligu                               - i=866
[  debug  ] (2025-08-15 17:20:21) sligu                               - i=867
[  debug  ] (2025-08-15 17:20:21) sligu                               - i=868
[  debug  ] (2025-08-15 17:20:21) sligu                               - i=869
[  debug  ] (2025-08-15 17:20:22) sligu                               - i=870
[  debug  ] (2025-08-15 17:20:22) sligu                               - i=871
[  debug  ] (2025-08-15 17:20:22) sligu                               - i=872
[  debug  ] (2025-08-15 17:20:22) sligu                               - i=873
[  debug  ] (2025-08-15 17:20:22) sligu                               - i=874
[  debug  ] (2025-08-15 17:20:22) sligu                               - i=875
[  debug  ] (2025-08-15 17:20:22) sligu                               - i=876
[  debug  ] (2025-08-15 17:20:22) sligu                               - i=877
[  debug  ] (2025-08-15 17:20:22) sligu                               - i=878
[  debug  ] (2025-08-15 17:20:22) sligu                               - i=879
[  debug  ] (2025-08-15 17:20:22) sligu                               - i=880
[  debug  ] (2025-08-15 17:20:22) sligu                               - i=881
[  debug  ] (2025-08-15 17:20:22) sligu                               - i=882
[  debug  ] (2025-08-15 17:20:22) sligu                               - i=883
[  debug  ] (2025-08-15 17:20:22) sligu                               - i=884
[  debug  ] (2025-08-15 17:20:22) sligu                               - i=885
[  debug  ] (2025-08-15 17:20:22) sligu                               - i=886
[  debug  ] (2025-08-15 17:20:22) sligu                               - i=887
[  debug  ] (2025-08-15 17:20:22) sligu                               - i=888
[  debug  ] (2025-08-15 17:20:22) sligu                               - i=889
[  debug  ] (2025-08-15 17:20:22) sligu                               - i=890
[  debug  ] (2025-08-15 17:20:22) sligu                               - i=891
[  debug  ] (2025-08-15 17:20:22) sligu                               - i=892
[  debug  ] (2025-08-15 17:20:22) sligu                               - i=893
[  debug  ] (2025-08-15 17:20:22) sligu                               - i=894
[  debug  ] (2025-08-15 17:20:22) sligu                               - i=895
[  debug  ] (2025-08-15 17:20:22) sligu                               - i=896
[  debug  ] (2025-08-15 17:20:22) sligu                               - i=897
[  debug  ] (2025-08-15 17:20:22) sligu                               - i=898
[  debug  ] (2025-08-15 17:20:22) sligu                               - i=899
[  debug  ] (2025-08-15 17:20:22) sligu                               - i=900
[  debug  ] (2025-08-15 17:20:22) sligu                               - i=901
[  debug  ] (2025-08-15 17:20:22) sligu                               - i=902
[  debug  ] (2025-08-15 17:20:22) sligu                               - i=903
[  debug  ] (2025-08-15 17:20:22) sligu                               - i=904
[  debug  ] (2025-08-15 17:20:22) sligu                               - i=905
[  debug  ] (2025-08-15 17:20:22) sligu                               - i=906
[  debug  ] (2025-08-15 17:20:22) sligu                               - i=907
[  debug  ] (2025-08-15 17:20:22) sligu                               - i=908
[  debug  ] (2025-08-15 17:20:22) sligu                               - i=909
[  debug  ] (2025-08-15 17:20:22) sligu                               - i=910
[  debug  ] (2025-08-15 17:20:22) sligu                               - i=911
[  debug  ] (2025-08-15 17:20:22) sligu                               - i=912
[  debug  ] (2025-08-15 17:20:22) sligu                               - i=913
[  debug  ] (2025-08-15 17:20:22) sligu                               - i=914
[  debug  ] (2025-08-15 17:20:22) sligu                               - i=915
[  debug  ] (2025-08-15 17:20:22) sligu                               - i=916
[  debug  ] (2025-08-15 17:20:22) sligu                               - i=917
[  debug  ] (2025-08-15 17:20:22) sligu                               - i=918
[  debug  ] (2025-08-15 17:20:22) sligu                               - i=919
[  debug  ] (2025-08-15 17:20:22) sligu                               - i=920
[  debug  ] (2025-08-15 17:20:22) sligu                               - i=921
[  debug  ] (2025-08-15 17:20:22) sligu                               - i=922
[  debug  ] (2025-08-15 17:20:22) sligu                               - i=923
[  debug  ] (2025-08-15 17:20:22) sligu                               - i=924
[  debug  ] (2025-08-15 17:20:22) sligu                               - i=925
[  debug  ] (2025-08-15 17:20:22) sligu                               - i=926
[  debug  ] (2025-08-15 17:20:22) sligu                               - i=927
[  debug  ] (2025-08-15 17:20:22) sligu                               - i=928
[  debug  ] (2025-08-15 17:20:22) sligu                               - i=929
[  debug  ] (2025-08-15 17:20:22) sligu                               - i=930
[  debug  ] (2025-08-15 17:20:22) sligu                               - i=931
[  debug  ] (2025-08-15 17:20:22) sligu                               - i=932
[  debug  ] (2025-08-15 17:20:22) sligu                               - i=933
[  debug  ] (2025-08-15 17:20:22) sligu                               - i=934
[  debug  ] (2025-08-15 17:20:22) sligu                               - i=935
[  debug  ] (2025-08-15 17:20:22) sligu                               - i=936
[  debug  ] (2025-08-15 17:20:22) sligu                               - i=937
[  debug  ] (2025-08-15 17:20:22) sligu                               - i=938
[  debug  ] (2025-08-15 17:20:22) sligu                               - i=939
[  debug  ] (2025-08-15 17:20:22) sligu                               - i=940
[  debug  ] (2025-08-15 17:20:22) sligu                               - i=941
[  debug  ] (2025-08-15 17:20:22) sligu                               - i=942
[  debug  ] (2025-08-15 17:20:22) sligu                               - i=943
[  debug  ] (2025-08-15 17:20:22) sligu                               - i=944
[  debug  ] (2025-08-15 17:20:22) sligu                               - i=945
[  debug  ] (2025-08-15 17:20:22) sligu                               - i=946
[  debug  ] (2025-08-15 17:20:22) sligu                               - i=947
[  debug  ] (2025-08-15 17:20:22) sligu                               - i=948
[  debug  ] (2025-08-15 17:20:22) sligu                               - i=949
[  debug  ] (2025-08-15 17:20:22) sligu                               - i=950
[  debug  ] (2025-08-15 17:20:22) sligu                               - i=951
[  debug  ] (2025-08-15 17:20:22) sligu                               - i=952
[  debug  ] (2025-08-15 17:20:22) sligu                               - i=953
[  debug  ] (2025-08-15 17:20:22) sligu                               - i=954
[  debug  ] (2025-08-15 17:20:22) sligu                               - i=955
[  debug  ] (2025-08-15 17:20:22) sligu                               - i=956
[  debug  ] (2025-08-15 17:20:22) sligu                               - i=957
[  debug  ] (2025-08-15 17:20:22) sligu                               - i=958
[  debug  ] (2025-08-15 17:20:23) sligu                               - i=959
[  debug  ] (2025-08-15 17:20:23) sligu                               - i=960
[  debug  ] (2025-08-15 17:20:23) sligu                               - i=961
[  debug  ] (2025-08-15 17:20:23) sligu                               - i=962
[  debug  ] (2025-08-15 17:20:23) sligu                               - i=963
[  debug  ] (2025-08-15 17:20:23) sligu                               - i=964
[  debug  ] (2025-08-15 17:20:23) sligu                               - i=965
[  debug  ] (2025-08-15 17:20:23) sligu                               - i=966
[  debug  ] (2025-08-15 17:20:23) sligu                               - i=967
[  debug  ] (2025-08-15 17:20:23) sligu                               - i=968
[  debug  ] (2025-08-15 17:20:23) sligu                               - i=969
[  debug  ] (2025-08-15 17:20:23) sligu                               - i=970
[  debug  ] (2025-08-15 17:20:23) sligu                               - i=971
[  debug  ] (2025-08-15 17:20:23) sligu                               - i=972
[  debug  ] (2025-08-15 17:20:23) sligu                               - i=973
[  debug  ] (2025-08-15 17:20:23) sligu                               - i=974
[  debug  ] (2025-08-15 17:20:23) sligu                               - i=975
[  debug  ] (2025-08-15 17:20:23) sligu                               - i=976
[  debug  ] (2025-08-15 17:20:23) sligu                               - i=977
[  debug  ] (2025-08-15 17:20:23) sligu                               - i=978
[  debug  ] (2025-08-15 17:20:23) sligu                               - i=979
[  debug  ] (2025-08-15 17:20:23) sligu                               - i=980
[  debug  ] (2025-08-15 17:20:23) sligu                               - i=981
[  debug  ] (2025-08-15 17:20:23) sligu                               - i=982
[  debug  ] (2025-08-15 17:20:23) sligu                               - i=983
[  debug  ] (2025-08-15 17:20:23) sligu                               - i=984
[  debug  ] (2025-08-15 17:20:23) sligu                               - i=985
[  debug  ] (2025-08-15 17:20:23) sligu                               - i=986
[  debug  ] (2025-08-15 17:20:23) sligu                               - i=987
[  debug  ] (2025-08-15 17:20:23) sligu                               - i=988
[  debug  ] (2025-08-15 17:20:23) sligu                               - i=989
[  debug  ] (2025-08-15 17:20:23) sligu                               - i=990
[  debug  ] (2025-08-15 17:20:23) sligu                               - i=991
[  debug  ] (2025-08-15 17:20:23) sligu                               - i=992
[  debug  ] (2025-08-15 17:20:23) sligu                               - i=993
[  debug  ] (2025-08-15 17:20:23) sligu                               - i=994
[  debug  ] (2025-08-15 17:20:23) sligu                               - i=995
[  debug  ] (2025-08-15 17:20:23) sligu                               - i=996
[  debug  ] (2025-08-15 17:20:23) sligu                               - i=997
[  debug  ] (2025-08-15 17:20:23) sligu                               - i=998
[  debug  ] (2025-08-15 17:20:23) sligu                               - i=999
[  debug  ] (2025-08-15 17:20:23) sligu                               - i=1000
[  debug  ] (2025-08-15 17:20:23) sligu                               - i=1001
[  debug  ] (2025-08-15 17:20:23) sligu                               - i=1002
[  debug  ] (2025-08-15 17:20:23) sligu                               - i=1003
[  debug  ] (2025-08-15 17:20:23) sligu                               - i=1004
[  debug  ] (2025-08-15 17:20:23) sligu                               - i=1005
[  debug  ] (2025-08-15 17:20:23) sligu                               - i=1006
[  debug  ] (2025-08-15 17:20:23) sligu                               - i=1007
[  debug  ] (2025-08-15 17:20:23) sligu                               - i=1008
[  debug  ] (2025-08-15 17:20:23) sligu                               - i=1009
[  debug  ] (2025-08-15 17:20:23) sligu                               - i=1010
[  debug  ] (2025-08-15 17:20:23) sligu                               - i=1011
[  debug  ] (2025-08-15 17:20:23) sligu                               - i=1012
[  debug  ] (2025-08-15 17:20:23) sligu                               - i=1013
[  debug  ] (2025-08-15 17:20:23) sligu                               - i=1014
[  debug  ] (2025-08-15 17:20:23) sligu                               - i=1015
[  debug  ] (2025-08-15 17:20:23) sligu                               - i=1016
[  debug  ] (2025-08-15 17:20:23) sligu                               - i=1017
[  debug  ] (2025-08-15 17:20:23) sligu                               - i=1018
[  debug  ] (2025-08-15 17:20:23) sligu                               - i=1019
[  debug  ] (2025-08-15 17:20:23) sligu                               - i=1020
[  debug  ] (2025-08-15 17:20:23) sligu                               - i=1021
[  debug  ] (2025-08-15 17:20:23) sligu                               - i=1022
[  debug  ] (2025-08-15 17:20:23) sligu                               - i=1023
[  debug  ] (2025-08-15 17:20:23) sligu                               - i=1024
[  debug  ] (2025-08-15 17:20:23) sligu                               - i=1025
[  debug  ] (2025-08-15 17:20:23) sligu                               - i=1026
[  debug  ] (2025-08-15 17:20:23) sligu                               - i=1027
[  debug  ] (2025-08-15 17:20:23) sligu                               - i=1028
[  debug  ] (2025-08-15 17:20:23) sligu                               - i=1029
[  debug  ] (2025-08-15 17:20:23) sligu                               - i=1030
[  debug  ] (2025-08-15 17:20:23) sligu                               - i=1031
[  debug  ] (2025-08-15 17:20:23) sligu                               - i=1032
[  debug  ] (2025-08-15 17:20:23) sligu                               - i=1033
[  debug  ] (2025-08-15 17:20:23) sligu                               - i=1034
[  debug  ] (2025-08-15 17:20:23) sligu                               - i=1035
[  debug  ] (2025-08-15 17:20:23) sligu                               - i=1036
[  debug  ] (2025-08-15 17:20:23) sligu                               - i=1037
[  debug  ] (2025-08-15 17:20:23) sligu                               - i=1038
[  debug  ] (2025-08-15 17:20:23) sligu                               - i=1039
[  debug  ] (2025-08-15 17:20:23) sligu                               - i=1040
[  debug  ] (2025-08-15 17:20:23) sligu                               - i=1041
[  debug  ] (2025-08-15 17:20:23) sligu                               - i=1042
[  debug  ] (2025-08-15 17:20:24) sligu                               - i=1043
[  debug  ] (2025-08-15 17:20:24) sligu                               - i=1044
[  debug  ] (2025-08-15 17:20:24) sligu                               - i=1045
[  debug  ] (2025-08-15 17:20:24) sligu                               - i=1046
[  debug  ] (2025-08-15 17:20:24) sligu                               - i=1047
[  debug  ] (2025-08-15 17:20:24) sligu                               - i=1048
[  debug  ] (2025-08-15 17:20:24) sligu                               - i=1049
[  debug  ] (2025-08-15 17:20:24) sligu                               - i=1050
[  debug  ] (2025-08-15 17:20:24) sligu                               - i=1051
[  debug  ] (2025-08-15 17:20:24) sligu                               - i=1052
[  debug  ] (2025-08-15 17:20:24) sligu                               - i=1053
[  debug  ] (2025-08-15 17:20:24) sligu                               - i=1054
[  debug  ] (2025-08-15 17:20:24) sligu                               - i=1055
[  debug  ] (2025-08-15 17:20:24) sligu                               - i=1056
[  debug  ] (2025-08-15 17:20:24) sligu                               - i=1057
[  debug  ] (2025-08-15 17:20:24) sligu                               - i=1058
[  debug  ] (2025-08-15 17:20:24) sligu                               - i=1059
[  debug  ] (2025-08-15 17:20:24) sligu                               - i=1060
[  debug  ] (2025-08-15 17:20:24) sligu                               - i=1061
[  debug  ] (2025-08-15 17:20:24) sligu                               - i=1062
[  debug  ] (2025-08-15 17:20:24) sligu                               - i=1063
[  debug  ] (2025-08-15 17:20:24) sligu                               - i=1064
[  debug  ] (2025-08-15 17:20:24) sligu                               - i=1065
[  debug  ] (2025-08-15 17:20:24) sligu                               - i=1066
[  debug  ] (2025-08-15 17:20:24) sligu                               - i=1067
[  debug  ] (2025-08-15 17:20:24) sligu                               - i=1068
[  debug  ] (2025-08-15 17:20:24) sligu                               - i=1069
[  debug  ] (2025-08-15 17:20:24) sligu                               - i=1070
[  debug  ] (2025-08-15 17:20:24) sligu                               - i=1071
[  debug  ] (2025-08-15 17:20:24) sligu                               - i=1072
[  debug  ] (2025-08-15 17:20:24) sligu                               - i=1073
[  debug  ] (2025-08-15 17:20:24) sligu                               - i=1074
[  debug  ] (2025-08-15 17:20:24) sligu                               - i=1075
[  debug  ] (2025-08-15 17:20:24) sligu                               - i=1076
[  debug  ] (2025-08-15 17:20:24) sligu                               - i=1077
[  debug  ] (2025-08-15 17:20:24) sligu                               - i=1078
[  debug  ] (2025-08-15 17:20:24) sligu                               - i=1079
[  debug  ] (2025-08-15 17:20:24) sligu                               - i=1080
[  debug  ] (2025-08-15 17:20:24) sligu                               - i=1081
[  debug  ] (2025-08-15 17:20:24) sligu                               - i=1082
[  debug  ] (2025-08-15 17:20:24) sligu                               - i=1083
[  debug  ] (2025-08-15 17:20:24) sligu                               - i=1084
[  debug  ] (2025-08-15 17:20:24) sligu                               - i=1085
[  debug  ] (2025-08-15 17:20:24) sligu                               - i=1086
[  debug  ] (2025-08-15 17:20:24) sligu                               - i=1087
[  debug  ] (2025-08-15 17:20:24) sligu                               - i=1088
[  debug  ] (2025-08-15 17:20:24) sligu                               - i=1089
[  debug  ] (2025-08-15 17:20:24) sligu                               - i=1090
[  debug  ] (2025-08-15 17:20:24) sligu                               - i=1091
[  debug  ] (2025-08-15 17:20:24) sligu                               - i=1092
[  debug  ] (2025-08-15 17:20:24) sligu                               - i=1093
[  debug  ] (2025-08-15 17:20:24) sligu                               - i=1094
[  debug  ] (2025-08-15 17:20:24) sligu                               - i=1095
[  debug  ] (2025-08-15 17:20:24) sligu                               - i=1096
[  debug  ] (2025-08-15 17:20:24) sligu                               - i=1097
[  debug  ] (2025-08-15 17:20:24) sligu                               - i=1098
[  debug  ] (2025-08-15 17:20:24) sligu                               - i=1099
[  debug  ] (2025-08-15 17:20:24) sligu                               - i=1100
[  debug  ] (2025-08-15 17:20:24) sligu                               - i=1101
[  debug  ] (2025-08-15 17:20:24) sligu                               - i=1102
[  debug  ] (2025-08-15 17:20:24) sligu                               - i=1103
[  debug  ] (2025-08-15 17:20:24) sligu                               - i=1104
[  debug  ] (2025-08-15 17:20:24) sligu                               - i=1105
[  debug  ] (2025-08-15 17:20:24) sligu                               - i=1106
[  debug  ] (2025-08-15 17:20:24) sligu                               - i=1107
[  debug  ] (2025-08-15 17:20:24) sligu                               - i=1108
[  debug  ] (2025-08-15 17:20:24) sligu                               - i=1109
[  debug  ] (2025-08-15 17:20:24) sligu                               - i=1110
[  debug  ] (2025-08-15 17:20:24) sligu                               - i=1111
[  debug  ] (2025-08-15 17:20:24) sligu                               - i=1112
[  debug  ] (2025-08-15 17:20:24) sligu                               - i=1113
[  debug  ] (2025-08-15 17:20:24) sligu                               - i=1114
[  debug  ] (2025-08-15 17:20:24) sligu                               - i=1115
[  debug  ] (2025-08-15 17:20:24) sligu                               - i=1116
[  debug  ] (2025-08-15 17:20:24) sligu                               - i=1117
[  debug  ] (2025-08-15 17:20:24) sligu                               - i=1118
[  debug  ] (2025-08-15 17:20:24) sligu                               - i=1119
[  debug  ] (2025-08-15 17:20:24) sligu                               - i=1120
[  debug  ] (2025-08-15 17:20:25) sligu                               - i=1121
[  debug  ] (2025-08-15 17:20:25) sligu                               - i=1122
[  debug  ] (2025-08-15 17:20:25) sligu                               - i=1123
[  debug  ] (2025-08-15 17:20:25) sligu                               - i=1124
[  debug  ] (2025-08-15 17:20:25) sligu                               - i=1125
[  debug  ] (2025-08-15 17:20:25) sligu                               - i=1126
[  debug  ] (2025-08-15 17:20:25) sligu                               - i=1127
[  debug  ] (2025-08-15 17:20:25) sligu                               - i=1128
[  debug  ] (2025-08-15 17:20:25) sligu                               - i=1129
[  debug  ] (2025-08-15 17:20:25) sligu                               - i=1130
[  debug  ] (2025-08-15 17:20:25) sligu                               - i=1131
[  debug  ] (2025-08-15 17:20:25) sligu                               - i=1132
[  debug  ] (2025-08-15 17:20:25) sligu                               - i=1133
[  debug  ] (2025-08-15 17:20:25) sligu                               - i=1134
[  debug  ] (2025-08-15 17:20:25) sligu                               - i=1135
[  debug  ] (2025-08-15 17:20:25) sligu                               - i=1136
[  debug  ] (2025-08-15 17:20:25) sligu                               - i=1137
[  debug  ] (2025-08-15 17:20:25) sligu                               - i=1138
[  debug  ] (2025-08-15 17:20:25) sligu                               - i=1139
[  debug  ] (2025-08-15 17:20:25) sligu                               - i=1140
[  debug  ] (2025-08-15 17:20:25) sligu                               - i=1141
[  debug  ] (2025-08-15 17:20:25) sligu                               - i=1142
[  debug  ] (2025-08-15 17:20:25) sligu                               - i=1143
[  debug  ] (2025-08-15 17:20:25) sligu                               - i=1144
[  debug  ] (2025-08-15 17:20:25) sligu                               - i=1145
[  debug  ] (2025-08-15 17:20:25) sligu                               - i=1146
[  debug  ] (2025-08-15 17:20:25) sligu                               - i=1147
[  debug  ] (2025-08-15 17:20:25) sligu                               - i=1148
[  debug  ] (2025-08-15 17:20:25) sligu                               - i=1149
[  debug  ] (2025-08-15 17:20:25) sligu                               - i=1150
[  debug  ] (2025-08-15 17:20:25) sligu                               - i=1151
[  debug  ] (2025-08-15 17:20:25) sligu                               - i=1152
[  debug  ] (2025-08-15 17:20:25) sligu                               - i=1153
[  debug  ] (2025-08-15 17:20:25) sligu                               - i=1154
[  debug  ] (2025-08-15 17:20:25) sligu                               - i=1155
[  debug  ] (2025-08-15 17:20:25) sligu                               - i=1156
[  debug  ] (2025-08-15 17:20:25) sligu                               - i=1157
[  debug  ] (2025-08-15 17:20:25) sligu                               - i=1158
[  debug  ] (2025-08-15 17:20:25) sligu                               - i=1159
[  debug  ] (2025-08-15 17:20:25) sligu                               - i=1160
[  debug  ] (2025-08-15 17:20:25) sligu                               - i=1161
[  debug  ] (2025-08-15 17:20:25) sligu                               - i=1162
[  debug  ] (2025-08-15 17:20:25) sligu                               - i=1163
[  debug  ] (2025-08-15 17:20:25) sligu                               - i=1164
[  debug  ] (2025-08-15 17:20:25) sligu                               - i=1165
[  debug  ] (2025-08-15 17:20:25) sligu                               - i=1166
[  debug  ] (2025-08-15 17:20:25) sligu                               - i=1167
[  debug  ] (2025-08-15 17:20:25) sligu                               - i=1168
[  debug  ] (2025-08-15 17:20:25) sligu                               - i=1169
[  debug  ] (2025-08-15 17:20:25) sligu                               - i=1170
[  debug  ] (2025-08-15 17:20:25) sligu                               - i=1171
[  debug  ] (2025-08-15 17:20:25) sligu                               - i=1172
[  debug  ] (2025-08-15 17:20:25) sligu                               - i=1173
[  debug  ] (2025-08-15 17:20:25) sligu                               - i=1174
[  debug  ] (2025-08-15 17:20:25) sligu                               - i=1175
[  debug  ] (2025-08-15 17:20:25) sligu                               - i=1176
[  debug  ] (2025-08-15 17:20:25) sligu                               - i=1177
[  debug  ] (2025-08-15 17:20:25) sligu                               - i=1178
[  debug  ] (2025-08-15 17:20:25) sligu                               - i=1179
[  debug  ] (2025-08-15 17:20:25) sligu                               - i=1180
[  debug  ] (2025-08-15 17:20:25) sligu                               - i=1181
[  debug  ] (2025-08-15 17:20:25) sligu                               - i=1182
[  debug  ] (2025-08-15 17:20:25) sligu                               - i=1183
[  debug  ] (2025-08-15 17:20:25) sligu                               - i=1184
[  debug  ] (2025-08-15 17:20:25) sligu                               - i=1185
[  debug  ] (2025-08-15 17:20:25) sligu                               - i=1186
[  debug  ] (2025-08-15 17:20:25) sligu                               - i=1187
[  debug  ] (2025-08-15 17:20:25) sligu                               - i=1188
[  debug  ] (2025-08-15 17:20:25) sligu                               - i=1189
[  debug  ] (2025-08-15 17:20:25) sligu                               - i=1190
[  debug  ] (2025-08-15 17:20:25) sligu                               - i=1191
[  debug  ] (2025-08-15 17:20:25) sligu                               - i=1192
[  debug  ] (2025-08-15 17:20:25) sligu                               - i=1193
[  debug  ] (2025-08-15 17:20:25) sligu                               - i=1194
[  debug  ] (2025-08-15 17:20:25) sligu                               - i=1195
[  debug  ] (2025-08-15 17:20:25) sligu                               - i=1196
[  debug  ] (2025-08-15 17:20:26) sligu                               - i=1197
[  debug  ] (2025-08-15 17:20:26) sligu                               - i=1198
[  debug  ] (2025-08-15 17:20:26) sligu                               - i=1199
[  debug  ] (2025-08-15 17:20:26) sligu                               - i=1200
[  debug  ] (2025-08-15 17:20:26) sligu                               - i=1201
[  debug  ] (2025-08-15 17:20:26) sligu                               - i=1202
[  debug  ] (2025-08-15 17:20:26) sligu                               - i=1203
[  debug  ] (2025-08-15 17:20:26) sligu                               - i=1204
[  debug  ] (2025-08-15 17:20:26) sligu                               - i=1205
[  debug  ] (2025-08-15 17:20:26) sligu                               - i=1206
[  debug  ] (2025-08-15 17:20:26) sligu                               - i=1207
[  debug  ] (2025-08-15 17:20:26) sligu                               - i=1208
[  debug  ] (2025-08-15 17:20:26) sligu                               - i=1209
[  debug  ] (2025-08-15 17:20:26) sligu                               - i=1210
[  debug  ] (2025-08-15 17:20:26) sligu                               - i=1211
[  debug  ] (2025-08-15 17:20:26) sligu                               - i=1212
[  debug  ] (2025-08-15 17:20:26) sligu                               - i=1213
[  debug  ] (2025-08-15 17:20:26) sligu                               - i=1214
[  debug  ] (2025-08-15 17:20:26) sligu                               - i=1215
[  debug  ] (2025-08-15 17:20:26) sligu                               - i=1216
[  debug  ] (2025-08-15 17:20:26) sligu                               - i=1217
[  debug  ] (2025-08-15 17:20:26) sligu                               - i=1218
[  debug  ] (2025-08-15 17:20:26) sligu                               - i=1219
[  debug  ] (2025-08-15 17:20:26) sligu                               - i=1220
[  debug  ] (2025-08-15 17:20:26) sligu                               - i=1221
[  debug  ] (2025-08-15 17:20:26) sligu                               - i=1222
[  debug  ] (2025-08-15 17:20:26) sligu                               - i=1223
[  debug  ] (2025-08-15 17:20:26) sligu                               - i=1224
[  debug  ] (2025-08-15 17:20:26) sligu                               - i=1225
[  debug  ] (2025-08-15 17:20:26) sligu                               - i=1226
[  debug  ] (2025-08-15 17:20:26) sligu                               - i=1227
[  debug  ] (2025-08-15 17:20:26) sligu                               - i=1228
[  debug  ] (2025-08-15 17:20:26) sligu                               - i=1229
[  debug  ] (2025-08-15 17:20:26) sligu                               - i=1230
[  debug  ] (2025-08-15 17:20:26) sligu                               - i=1231
[  debug  ] (2025-08-15 17:20:26) sligu                               - i=1232
[  debug  ] (2025-08-15 17:20:26) sligu                               - i=1233
[  debug  ] (2025-08-15 17:20:26) sligu                               - i=1234
[  debug  ] (2025-08-15 17:20:26) sligu                               - i=1235
[  debug  ] (2025-08-15 17:20:26) sligu                               - i=1236
[  debug  ] (2025-08-15 17:20:26) sligu                               - i=1237
[  debug  ] (2025-08-15 17:20:26) sligu                               - i=1238
[  debug  ] (2025-08-15 17:20:26) sligu                               - i=1239
[  debug  ] (2025-08-15 17:20:26) sligu                               - i=1240
[  debug  ] (2025-08-15 17:20:26) sligu                               - i=1241
[  debug  ] (2025-08-15 17:20:26) sligu                               - i=1242
[  debug  ] (2025-08-15 17:20:26) sligu                               - i=1243
[  debug  ] (2025-08-15 17:20:26) sligu                               - i=1244
[  debug  ] (2025-08-15 17:20:26) sligu                               - i=1245
[  debug  ] (2025-08-15 17:20:26) sligu                               - i=1246
[  debug  ] (2025-08-15 17:20:26) sligu                               - i=1247
[  debug  ] (2025-08-15 17:20:26) sligu                               - i=1248
[  debug  ] (2025-08-15 17:20:26) sligu                               - i=1249
[  debug  ] (2025-08-15 17:20:26) sligu                               - i=1250
[  debug  ] (2025-08-15 17:20:26) sligu                               - i=1251
[  debug  ] (2025-08-15 17:20:26) sligu                               - i=1252
[  debug  ] (2025-08-15 17:20:26) sligu                               - i=1253
[  debug  ] (2025-08-15 17:20:26) sligu                               - i=1254
[  debug  ] (2025-08-15 17:20:26) sligu                               - i=1255
[  debug  ] (2025-08-15 17:20:26) sligu                               - i=1256
[  debug  ] (2025-08-15 17:20:26) sligu                               - i=1257
[  debug  ] (2025-08-15 17:20:26) sligu                               - i=1258
[  debug  ] (2025-08-15 17:20:26) sligu                               - i=1259
[  debug  ] (2025-08-15 17:20:26) sligu                               - i=1260
[  debug  ] (2025-08-15 17:20:26) sligu                               - i=1261
[  debug  ] (2025-08-15 17:20:26) sligu                               - i=1262
[  debug  ] (2025-08-15 17:20:26) sligu                               - i=1263
[  debug  ] (2025-08-15 17:20:26) sligu                               - i=1264
[  debug  ] (2025-08-15 17:20:26) sligu                               - i=1265
[  debug  ] (2025-08-15 17:20:26) sligu                               - i=1266
[  debug  ] (2025-08-15 17:20:26) sligu                               - i=1267
[  debug  ] (2025-08-15 17:20:26) sligu                               - i=1268
[  debug  ] (2025-08-15 17:20:27) sligu                               - i=1269
[  debug  ] (2025-08-15 17:20:27) sligu                               - i=1270
[  debug  ] (2025-08-15 17:20:27) sligu                               - i=1271
[  debug  ] (2025-08-15 17:20:27) sligu                               - i=1272
[  debug  ] (2025-08-15 17:20:27) sligu                               - i=1273
[  debug  ] (2025-08-15 17:20:27) sligu                               - i=1274
[  debug  ] (2025-08-15 17:20:27) sligu                               - i=1275
[  debug  ] (2025-08-15 17:20:27) sligu                               - i=1276
[  debug  ] (2025-08-15 17:20:27) sligu                               - i=1277
[  debug  ] (2025-08-15 17:20:27) sligu                               - i=1278
[  debug  ] (2025-08-15 17:20:27) sligu                               - i=1279
[  debug  ] (2025-08-15 17:20:27) sligu                               - i=1280
[  debug  ] (2025-08-15 17:20:27) sligu                               - i=1281
[  debug  ] (2025-08-15 17:20:27) sligu                               - i=1282
[  debug  ] (2025-08-15 17:20:27) sligu                               - i=1283
[  debug  ] (2025-08-15 17:20:27) sligu                               - i=1284
[  debug  ] (2025-08-15 17:20:27) sligu                               - i=1285
[  debug  ] (2025-08-15 17:20:27) sligu                               - i=1286
[  debug  ] (2025-08-15 17:20:27) sligu                               - i=1287
[  debug  ] (2025-08-15 17:20:27) sligu                               - i=1288
[  debug  ] (2025-08-15 17:20:27) sligu                               - i=1289
[  debug  ] (2025-08-15 17:20:27) sligu                               - i=1290
[  debug  ] (2025-08-15 17:20:27) sligu                               - i=1291
[  debug  ] (2025-08-15 17:20:27) sligu                               - i=1292
[  debug  ] (2025-08-15 17:20:27) sligu                               - i=1293
[  debug  ] (2025-08-15 17:20:27) sligu                               - i=1294
[  debug  ] (2025-08-15 17:20:27) sligu                               - i=1295
[  debug  ] (2025-08-15 17:20:27) sligu                               - i=1296
[  debug  ] (2025-08-15 17:20:27) sligu                               - i=1297
[  debug  ] (2025-08-15 17:20:27) sligu                               - i=1298
[  debug  ] (2025-08-15 17:20:27) sligu                               - i=1299
[  debug  ] (2025-08-15 17:20:27) sligu                               - i=1300
[  debug  ] (2025-08-15 17:20:27) sligu                               - i=1301
[  debug  ] (2025-08-15 17:20:27) sligu                               - i=1302
[  debug  ] (2025-08-15 17:20:27) sligu                               - i=1303
[  debug  ] (2025-08-15 17:20:27) sligu                               - i=1304
[  debug  ] (2025-08-15 17:20:27) sligu                               - i=1305
[  debug  ] (2025-08-15 17:20:27) sligu                               - i=1306
[  debug  ] (2025-08-15 17:20:27) sligu                               - i=1307
[  debug  ] (2025-08-15 17:20:27) sligu                               - i=1308
[  debug  ] (2025-08-15 17:20:27) sligu                               - i=1309
[  debug  ] (2025-08-15 17:20:27) sligu                               - i=1310
[  debug  ] (2025-08-15 17:20:27) sligu                               - i=1311
[  debug  ] (2025-08-15 17:20:27) sligu                               - i=1312
[  debug  ] (2025-08-15 17:20:27) sligu                               - i=1313
[  debug  ] (2025-08-15 17:20:27) sligu                               - i=1314
[  debug  ] (2025-08-15 17:20:27) sligu                               - i=1315
[  debug  ] (2025-08-15 17:20:27) sligu                               - i=1316
[  debug  ] (2025-08-15 17:20:27) sligu                               - i=1317
[  debug  ] (2025-08-15 17:20:27) sligu                               - i=1318
[  debug  ] (2025-08-15 17:20:27) sligu                               - i=1319
[  debug  ] (2025-08-15 17:20:27) sligu                               - i=1320
[  debug  ] (2025-08-15 17:20:27) sligu                               - i=1321
[  debug  ] (2025-08-15 17:20:27) sligu                               - i=1322
[  debug  ] (2025-08-15 17:20:27) sligu                               - i=1323
[  debug  ] (2025-08-15 17:20:27) sligu                               - i=1324
[  debug  ] (2025-08-15 17:20:27) sligu                               - i=1325
[  debug  ] (2025-08-15 17:20:27) sligu                               - i=1326
[  debug  ] (2025-08-15 17:20:27) sligu                               - i=1327
[  debug  ] (2025-08-15 17:20:27) sligu                               - i=1328
[  debug  ] (2025-08-15 17:20:27) sligu                               - i=1329
[  debug  ] (2025-08-15 17:20:27) sligu                               - i=1330
[  debug  ] (2025-08-15 17:20:27) sligu                               - i=1331
[  debug  ] (2025-08-15 17:20:27) sligu                               - i=1332
[  debug  ] (2025-08-15 17:20:27) sligu                               - i=1333
[  debug  ] (2025-08-15 17:20:27) sligu                               - i=1334
[  debug  ] (2025-08-15 17:20:27) sligu                               - i=1335
[  debug  ] (2025-08-15 17:20:27) sligu                               - i=1336
[  debug  ] (2025-08-15 17:20:28) sligu                               - i=1337
[  debug  ] (2025-08-15 17:20:28) sligu                               - i=1338
[  debug  ] (2025-08-15 17:20:28) sligu                               - i=1339
[  debug  ] (2025-08-15 17:20:28) sligu                               - i=1340
[  debug  ] (2025-08-15 17:20:28) sligu                               - i=1341
[  debug  ] (2025-08-15 17:20:28) sligu                               - i=1342
[  debug  ] (2025-08-15 17:20:28) sligu                               - i=1343
[  debug  ] (2025-08-15 17:20:28) sligu                               - i=1344
[  debug  ] (2025-08-15 17:20:28) sligu                               - i=1345
[  debug  ] (2025-08-15 17:20:28) sligu                               - i=1346
[  debug  ] (2025-08-15 17:20:28) sligu                               - i=1347
[  debug  ] (2025-08-15 17:20:28) sligu                               - i=1348
[  debug  ] (2025-08-15 17:20:28) sligu                               - i=1349
[  debug  ] (2025-08-15 17:20:28) sligu                               - i=1350
[  debug  ] (2025-08-15 17:20:28) sligu                               - i=1351
[  debug  ] (2025-08-15 17:20:28) sligu                               - i=1352
[  debug  ] (2025-08-15 17:20:28) sligu                               - i=1353
[  debug  ] (2025-08-15 17:20:28) sligu                               - i=1354
[  debug  ] (2025-08-15 17:20:28) sligu                               - i=1355
[  debug  ] (2025-08-15 17:20:28) sligu                               - i=1356
[  debug  ] (2025-08-15 17:20:28) sligu                               - i=1357
[  debug  ] (2025-08-15 17:20:28) sligu                               - i=1358
[  debug  ] (2025-08-15 17:20:28) sligu                               - i=1359
[  debug  ] (2025-08-15 17:20:28) sligu                               - i=1360
[  debug  ] (2025-08-15 17:20:28) sligu                               - i=1361
[  debug  ] (2025-08-15 17:20:28) sligu                               - i=1362
[  debug  ] (2025-08-15 17:20:28) sligu                               - i=1363
[  debug  ] (2025-08-15 17:20:28) sligu                               - i=1364
[  debug  ] (2025-08-15 17:20:28) sligu                               - i=1365
[  debug  ] (2025-08-15 17:20:28) sligu                               - i=1366
[  debug  ] (2025-08-15 17:20:28) sligu                               - i=1367
[  debug  ] (2025-08-15 17:20:28) sligu                               - i=1368
[  debug  ] (2025-08-15 17:20:28) sligu                               - i=1369
[  debug  ] (2025-08-15 17:20:28) sligu                               - i=1370
[  debug  ] (2025-08-15 17:20:28) sligu                               - i=1371
[  debug  ] (2025-08-15 17:20:28) sligu                               - i=1372
[  debug  ] (2025-08-15 17:20:28) sligu                               - i=1373
[  debug  ] (2025-08-15 17:20:28) sligu                               - i=1374
[  debug  ] (2025-08-15 17:20:28) sligu                               - i=1375
[  debug  ] (2025-08-15 17:20:28) sligu                               - i=1376
[  debug  ] (2025-08-15 17:20:28) sligu                               - i=1377
[  debug  ] (2025-08-15 17:20:28) sligu                               - i=1378
[  debug  ] (2025-08-15 17:20:28) sligu                               - i=1379
[  debug  ] (2025-08-15 17:20:28) sligu                               - i=1380
[  debug  ] (2025-08-15 17:20:28) sligu                               - i=1381
[  debug  ] (2025-08-15 17:20:28) sligu                               - i=1382
[  debug  ] (2025-08-15 17:20:28) sligu                               - i=1383
[  debug  ] (2025-08-15 17:20:28) sligu                               - i=1384
[  debug  ] (2025-08-15 17:20:28) sligu                               - i=1385
[  debug  ] (2025-08-15 17:20:28) sligu                               - i=1386
[  debug  ] (2025-08-15 17:20:28) sligu                               - i=1387
[  debug  ] (2025-08-15 17:20:28) sligu                               - i=1388
[  debug  ] (2025-08-15 17:20:28) sligu                               - i=1389
[  debug  ] (2025-08-15 17:20:28) sligu                               - i=1390
[  debug  ] (2025-08-15 17:20:28) sligu                               - i=1391
[  debug  ] (2025-08-15 17:20:28) sligu                               - i=1392
[  debug  ] (2025-08-15 17:20:28) sligu                               - i=1393
[  debug  ] (2025-08-15 17:20:28) sligu                               - i=1394
[  debug  ] (2025-08-15 17:20:28) sligu                               - i=1395
[  debug  ] (2025-08-15 17:20:28) sligu                               - i=1396
[  debug  ] (2025-08-15 17:20:28) sligu                               - i=1397
[  debug  ] (2025-08-15 17:20:28) sligu                               - i=1398
[  debug  ] (2025-08-15 17:20:28) sligu                               - i=1399
[  debug  ] (2025-08-15 17:20:28) sligu                               - i=1400
[  debug  ] (2025-08-15 17:20:28) sligu                               - i=1401
[  debug  ] (2025-08-15 17:20:28) sligu                               - i=1402
[  debug  ] (2025-08-15 17:20:28) sligu                               - i=1403
[  debug  ] (2025-08-15 17:20:28) sligu                               - i=1404
[  debug  ] (2025-08-15 17:20:28) sligu                               - i=1405
[  debug  ] (2025-08-15 17:20:29) sligu                               - i=1406
[  debug  ] (2025-08-15 17:20:29) sligu                               - i=1407
[  debug  ] (2025-08-15 17:20:29) sligu                               - i=1408
[  debug  ] (2025-08-15 17:20:29) sligu                               - i=1409
[  debug  ] (2025-08-15 17:20:29) sligu                               - i=1410
[  debug  ] (2025-08-15 17:20:29) sligu                               - i=1411
[  debug  ] (2025-08-15 17:20:29) sligu                               - i=1412
[  debug  ] (2025-08-15 17:20:29) sligu                               - i=1413
[  debug  ] (2025-08-15 17:20:29) sligu                               - i=1414
[  debug  ] (2025-08-15 17:20:29) sligu                               - i=1415
[  debug  ] (2025-08-15 17:20:29) sligu                               - i=1416
[  debug  ] (2025-08-15 17:20:29) sligu                               - i=1417
[  debug  ] (2025-08-15 17:20:29) sligu                               - i=1418
[  debug  ] (2025-08-15 17:20:29) sligu                               - i=1419
[  debug  ] (2025-08-15 17:20:29) sligu                               - i=1420
[  debug  ] (2025-08-15 17:20:29) sligu                               - i=1421
[  debug  ] (2025-08-15 17:20:29) sligu                               - i=1422
[  debug  ] (2025-08-15 17:20:29) sligu                               - i=1423
[  debug  ] (2025-08-15 17:20:29) sligu                               - i=1424
[  debug  ] (2025-08-15 17:20:29) sligu                               - i=1425
[  debug  ] (2025-08-15 17:20:29) sligu                               - i=1426
[  debug  ] (2025-08-15 17:20:29) sligu                               - i=1427
[  debug  ] (2025-08-15 17:20:29) sligu                               - i=1428
[  debug  ] (2025-08-15 17:20:29) sligu                               - i=1429
[  debug  ] (2025-08-15 17:20:29) sligu                               - i=1430
[  debug  ] (2025-08-15 17:20:29) sligu                               - i=1431
[  debug  ] (2025-08-15 17:20:29) sligu                               - i=1432
[  debug  ] (2025-08-15 17:20:29) sligu                               - i=1433
[  debug  ] (2025-08-15 17:20:29) sligu                               - i=1434
[  debug  ] (2025-08-15 17:20:29) sligu                               - i=1435
[  debug  ] (2025-08-15 17:20:29) sligu                               - i=1436
[  debug  ] (2025-08-15 17:20:29) sligu                               - i=1437
[  debug  ] (2025-08-15 17:20:29) sligu                               - i=1438
[  debug  ] (2025-08-15 17:20:29) sligu                               - i=1439
[  debug  ] (2025-08-15 17:20:29) sligu                               - i=1440
[  debug  ] (2025-08-15 17:20:29) sligu                               - i=1441
[  debug  ] (2025-08-15 17:20:29) sligu                               - i=1442
[  debug  ] (2025-08-15 17:20:29) sligu                               - i=1443
[  debug  ] (2025-08-15 17:20:29) sligu                               - i=1444
[  debug  ] (2025-08-15 17:20:29) sligu                               - i=1445
[  debug  ] (2025-08-15 17:20:29) sligu                               - i=1446
[  debug  ] (2025-08-15 17:20:29) sligu                               - i=1447
[  debug  ] (2025-08-15 17:20:29) sligu                               - i=1448
[  debug  ] (2025-08-15 17:20:29) sligu                               - i=1449
[  debug  ] (2025-08-15 17:20:29) sligu                               - i=1450
[  debug  ] (2025-08-15 17:20:29) sligu                               - i=1451
[  debug  ] (2025-08-15 17:20:29) sligu                               - i=1452
[  debug  ] (2025-08-15 17:20:29) sligu                               - i=1453
[  debug  ] (2025-08-15 17:20:29) sligu                               - i=1454
[  debug  ] (2025-08-15 17:20:29) sligu                               - i=1455
[  debug  ] (2025-08-15 17:20:29) sligu                               - i=1456
[  debug  ] (2025-08-15 17:20:29) sligu                               - i=1457
[  debug  ] (2025-08-15 17:20:29) sligu                               - i=1458
[  debug  ] (2025-08-15 17:20:29) sligu                               - i=1459
[  debug  ] (2025-08-15 17:20:29) sligu                               - i=1460
[  debug  ] (2025-08-15 17:20:29) sligu                               - i=1461
[  debug  ] (2025-08-15 17:20:29) sligu                               - i=1462
[  debug  ] (2025-08-15 17:20:29) sligu                               - i=1463
[  debug  ] (2025-08-15 17:20:29) sligu                               - i=1464
[  debug  ] (2025-08-15 17:20:29) sligu                               - i=1465
[  debug  ] (2025-08-15 17:20:29) sligu                               - i=1466
[  debug  ] (2025-08-15 17:20:29) sligu                               - i=1467
[  debug  ] (2025-08-15 17:20:29) sligu                               - i=1468
[  debug  ] (2025-08-15 17:20:29) sligu                               - i=1469
[  debug  ] (2025-08-15 17:20:29) sligu                               - i=1470
[  debug  ] (2025-08-15 17:20:29) sligu                               - i=1471
[  debug  ] (2025-08-15 17:20:29) sligu                               - i=1472
[  debug  ] (2025-08-15 17:20:29) sligu                               - i=1473
[  debug  ] (2025-08-15 17:20:29) sligu                               - i=1474
[  debug  ] (2025-08-15 17:20:29) sligu                               - i=1475
[  debug  ] (2025-08-15 17:20:29) sligu                               - i=1476
[  debug  ] (2025-08-15 17:20:30) sligu                               - i=1477
[  debug  ] (2025-08-15 17:20:30) sligu                               - i=1478
[  debug  ] (2025-08-15 17:20:30) sligu                               - i=1479
[  debug  ] (2025-08-15 17:20:30) sligu                               - i=1480
[  debug  ] (2025-08-15 17:20:30) sligu                               - i=1481
[  debug  ] (2025-08-15 17:20:30) sligu                               - i=1482
[  debug  ] (2025-08-15 17:20:30) sligu                               - i=1483
[  debug  ] (2025-08-15 17:20:30) sligu                               - i=1484
[  debug  ] (2025-08-15 17:20:30) sligu                               - i=1485
[  debug  ] (2025-08-15 17:20:30) sligu                               - i=1486
[  debug  ] (2025-08-15 17:20:30) sligu                               - i=1487
[  debug  ] (2025-08-15 17:20:30) sligu                               - i=1488
[  debug  ] (2025-08-15 17:20:30) sligu                               - i=1489
[  debug  ] (2025-08-15 17:20:30) sligu                               - i=1490
[  debug  ] (2025-08-15 17:20:30) sligu                               - i=1491
[  debug  ] (2025-08-15 17:20:30) sligu                               - i=1492
[  debug  ] (2025-08-15 17:20:30) sligu                               - i=1493
[  debug  ] (2025-08-15 17:20:30) sligu                               - i=1494
[  debug  ] (2025-08-15 17:20:30) sligu                               - i=1495
[  debug  ] (2025-08-15 17:20:30) sligu                               - i=1496
[  debug  ] (2025-08-15 17:20:30) sligu                               - i=1497
[  debug  ] (2025-08-15 17:20:30) sligu                               - i=1498
[  debug  ] (2025-08-15 17:20:30) sligu                               - i=1499
[  debug  ] (2025-08-15 17:20:30) sligu                               - i=1500
[  debug  ] (2025-08-15 17:20:30) sligu                               - i=1501
[  debug  ] (2025-08-15 17:20:30) sligu                               - i=1502
[  debug  ] (2025-08-15 17:20:30) sligu                               - i=1503
[  debug  ] (2025-08-15 17:20:30) sligu                               - i=1504
[  debug  ] (2025-08-15 17:20:30) sligu                               - i=1505
[  debug  ] (2025-08-15 17:20:30) sligu                               - i=1506
[  debug  ] (2025-08-15 17:20:30) sligu                               - i=1507
[  debug  ] (2025-08-15 17:20:30) sligu                               - i=1508
[  debug  ] (2025-08-15 17:20:30) sligu                               - i=1509
[  debug  ] (2025-08-15 17:20:30) sligu                               - i=1510
[  debug  ] (2025-08-15 17:20:30) sligu                               - i=1511
[  debug  ] (2025-08-15 17:20:30) sligu                               - i=1512
[  debug  ] (2025-08-15 17:20:30) sligu                               - i=1513
[  debug  ] (2025-08-15 17:20:30) sligu                               - i=1514
[  debug  ] (2025-08-15 17:20:30) sligu                               - i=1515
[  debug  ] (2025-08-15 17:20:30) sligu                               - i=1516
[  debug  ] (2025-08-15 17:20:30) sligu                               - i=1517
[  debug  ] (2025-08-15 17:20:30) sligu                               - i=1518
[  debug  ] (2025-08-15 17:20:30) sligu                               - i=1519
[  debug  ] (2025-08-15 17:20:30) sligu                               - i=1520
[  debug  ] (2025-08-15 17:20:30) sligu                               - i=1521
[  debug  ] (2025-08-15 17:20:30) sligu                               - i=1522
[  debug  ] (2025-08-15 17:20:30) sligu                               - i=1523
[  debug  ] (2025-08-15 17:20:30) sligu                               - i=1524
[  debug  ] (2025-08-15 17:20:30) sligu                               - i=1525
[  debug  ] (2025-08-15 17:20:30) sligu                               - i=1526
[  debug  ] (2025-08-15 17:20:30) sligu                               - i=1527
[  debug  ] (2025-08-15 17:20:30) sligu                               - i=1528
[  debug  ] (2025-08-15 17:20:30) sligu                               - i=1529
[  debug  ] (2025-08-15 17:20:30) sligu                               - i=1530
[  debug  ] (2025-08-15 17:20:30) sligu                               - i=1531
[  debug  ] (2025-08-15 17:20:30) sligu                               - i=1532
[  debug  ] (2025-08-15 17:20:30) sligu                               - i=1533
[  debug  ] (2025-08-15 17:20:30) sligu                               - i=1534
[  debug  ] (2025-08-15 17:20:30) sligu                               - i=1535
[  debug  ] (2025-08-15 17:20:30) sligu                               - i=1536
[  debug  ] (2025-08-15 17:20:30) sligu                               - i=1537
[  debug  ] (2025-08-15 17:20:30) sligu                               - i=1538
[  debug  ] (2025-08-15 17:20:30) sligu                               - i=1539
[  debug  ] (2025-08-15 17:20:30) sligu                               - i=1540
[  debug  ] (2025-08-15 17:20:30) sligu                               - i=1541
[  debug  ] (2025-08-15 17:20:30) sligu                               - i=1542
[  debug  ] (2025-08-15 17:20:30) sligu                               - i=1543
[  debug  ] (2025-08-15 17:20:30) sligu                               - i=1544
[  debug  ] (2025-08-15 17:20:30) sligu                               - i=1545
[  debug  ] (2025-08-15 17:20:31) sligu                               - i=1546
[  debug  ] (2025-08-15 17:20:31) sligu                               - i=1547
[  debug  ] (2025-08-15 17:20:31) sligu                               - i=1548
[  debug  ] (2025-08-15 17:20:31) sligu                               - i=1549
[  debug  ] (2025-08-15 17:20:31) sligu                               - i=1550
[  debug  ] (2025-08-15 17:20:31) sligu                               - i=1551
[  debug  ] (2025-08-15 17:20:31) sligu                               - i=1552
[  debug  ] (2025-08-15 17:20:31) sligu                               - i=1553
[  debug  ] (2025-08-15 17:20:31) sligu                               - i=1554
[  debug  ] (2025-08-15 17:20:31) sligu                               - i=1555
[  debug  ] (2025-08-15 17:20:31) sligu                               - i=1556
[  debug  ] (2025-08-15 17:20:31) sligu                               - i=1557
[  debug  ] (2025-08-15 17:20:31) sligu                               - i=1558
[  debug  ] (2025-08-15 17:20:31) sligu                               - i=1559
[  debug  ] (2025-08-15 17:20:31) sligu                               - i=1560
[  debug  ] (2025-08-15 17:20:31) sligu                               - i=1561
[  debug  ] (2025-08-15 17:20:31) sligu                               - i=1562
[  debug  ] (2025-08-15 17:20:31) sligu                               - i=1563
[  debug  ] (2025-08-15 17:20:31) sligu                               - i=1564
[  debug  ] (2025-08-15 17:20:31) sligu                               - i=1565
[  debug  ] (2025-08-15 17:20:31) sligu                               - i=1566
[  debug  ] (2025-08-15 17:20:31) sligu                               - i=1567
[  debug  ] (2025-08-15 17:20:31) sligu                               - i=1568
[  debug  ] (2025-08-15 17:20:31) sligu                               - i=1569
[  debug  ] (2025-08-15 17:20:31) sligu                               - i=1570
[  debug  ] (2025-08-15 17:20:31) sligu                               - i=1571
[  debug  ] (2025-08-15 17:20:31) sligu                               - i=1572
[  debug  ] (2025-08-15 17:20:31) sligu                               - i=1573
[  debug  ] (2025-08-15 17:20:31) sligu                               - i=1574
[  debug  ] (2025-08-15 17:20:31) sligu                               - i=1575
[  debug  ] (2025-08-15 17:20:31) sligu                               - i=1576
[  debug  ] (2025-08-15 17:20:31) sligu                               - i=1577
[  debug  ] (2025-08-15 17:20:31) sligu                               - i=1578
[  debug  ] (2025-08-15 17:20:31) sligu                               - i=1579
[  debug  ] (2025-08-15 17:20:31) sligu                               - i=1580
[  debug  ] (2025-08-15 17:20:31) sligu                               - i=1581
[  debug  ] (2025-08-15 17:20:31) sligu                               - i=1582
[  debug  ] (2025-08-15 17:20:31) sligu                               - i=1583
[  debug  ] (2025-08-15 17:20:31) sligu                               - i=1584
[  debug  ] (2025-08-15 17:20:31) sligu                               - i=1585
[  debug  ] (2025-08-15 17:20:31) sligu                               - i=1586
[  debug  ] (2025-08-15 17:20:31) sligu                               - i=1587
[  debug  ] (2025-08-15 17:20:31) sligu                               - i=1588
[  debug  ] (2025-08-15 17:20:31) sligu                               - i=1589
[  debug  ] (2025-08-15 17:20:31) sligu                               - i=1590
[  debug  ] (2025-08-15 17:20:31) sligu                               - i=1591
[  debug  ] (2025-08-15 17:20:31) sligu                               - i=1592
[  debug  ] (2025-08-15 17:20:31) sligu                               - i=1593
[  debug  ] (2025-08-15 17:20:31) sligu                               - i=1594
[  debug  ] (2025-08-15 17:20:31) sligu                               - i=1595
[  debug  ] (2025-08-15 17:20:31) sligu                               - i=1596
[  debug  ] (2025-08-15 17:20:31) sligu                               - i=1597
[  debug  ] (2025-08-15 17:20:31) sligu                               - i=1598
[  debug  ] (2025-08-15 17:20:31) sligu                               - i=1599
[  debug  ] (2025-08-15 17:20:31) sligu                               - i=1600
[  debug  ] (2025-08-15 17:20:31) sligu                               - i=1601
[  debug  ] (2025-08-15 17:20:31) sligu                               - i=1602
[  debug  ] (2025-08-15 17:20:31) sligu                               - i=1603
[  debug  ] (2025-08-15 17:20:31) sligu                               - i=1604
[  debug  ] (2025-08-15 17:20:31) sligu                               - i=1605
[  debug  ] (2025-08-15 17:20:31) sligu                               - i=1606
[  debug  ] (2025-08-15 17:20:31) sligu                               - i=1607
[  debug  ] (2025-08-15 17:20:31) sligu                               - i=1608
[  debug  ] (2025-08-15 17:20:31) sligu                               - i=1609
[  debug  ] (2025-08-15 17:20:31) sligu                               - i=1610
[  debug  ] (2025-08-15 17:20:31) sligu                               - i=1611
[  debug  ] (2025-08-15 17:20:32) sligu                               - i=1612
[  debug  ] (2025-08-15 17:20:32) sligu                               - i=1613
[  debug  ] (2025-08-15 17:20:32) sligu                               - i=1614
[  debug  ] (2025-08-15 17:20:32) sligu                               - i=1615
[  debug  ] (2025-08-15 17:20:32) sligu                               - i=1616
[  debug  ] (2025-08-15 17:20:32) sligu                               - i=1617
[  debug  ] (2025-08-15 17:20:32) sligu                               - i=1618
[  debug  ] (2025-08-15 17:20:32) sligu                               - i=1619
[  debug  ] (2025-08-15 17:20:32) sligu                               - i=1620
[  debug  ] (2025-08-15 17:20:32) sligu                               - i=1621
[  debug  ] (2025-08-15 17:20:32) sligu                               - i=1622
[  debug  ] (2025-08-15 17:20:32) sligu                               - i=1623
[  debug  ] (2025-08-15 17:20:32) sligu                               - i=1624
[  debug  ] (2025-08-15 17:20:32) sligu                               - i=1625
[  debug  ] (2025-08-15 17:20:32) sligu                               - i=1626
[  debug  ] (2025-08-15 17:20:32) sligu                               - i=1627
[  debug  ] (2025-08-15 17:20:32) sligu                               - i=1628
[  debug  ] (2025-08-15 17:20:32) sligu                               - i=1629
[  debug  ] (2025-08-15 17:20:32) sligu                               - i=1630
[  debug  ] (2025-08-15 17:20:32) sligu                               - i=1631
[  debug  ] (2025-08-15 17:20:32) sligu                               - i=1632
[  debug  ] (2025-08-15 17:20:32) sligu                               - i=1633
[  debug  ] (2025-08-15 17:20:32) sligu                               - i=1634
[  debug  ] (2025-08-15 17:20:32) sligu                               - i=1635
[  debug  ] (2025-08-15 17:20:32) sligu                               - i=1636
[  debug  ] (2025-08-15 17:20:32) sligu                               - i=1637
[  debug  ] (2025-08-15 17:20:32) sligu                               - i=1638
[  debug  ] (2025-08-15 17:20:32) sligu                               - i=1639
[  debug  ] (2025-08-15 17:20:32) sligu                               - i=1640
[  debug  ] (2025-08-15 17:20:32) sligu                               - i=1641
[  debug  ] (2025-08-15 17:20:32) sligu                               - i=1642
[  debug  ] (2025-08-15 17:20:32) sligu                               - i=1643
[  debug  ] (2025-08-15 17:20:32) sligu                               - i=1644
[  debug  ] (2025-08-15 17:20:32) sligu                               - i=1645
[  debug  ] (2025-08-15 17:20:32) sligu                               - i=1646
[  debug  ] (2025-08-15 17:20:32) sligu                               - i=1647
[  debug  ] (2025-08-15 17:20:32) sligu                               - i=1648
[  debug  ] (2025-08-15 17:20:32) sligu                               - i=1649
[  debug  ] (2025-08-15 17:20:32) sligu                               - i=1650
[  debug  ] (2025-08-15 17:20:32) sligu                               - i=1651
[  debug  ] (2025-08-15 17:20:32) sligu                               - i=1652
[  debug  ] (2025-08-15 17:20:32) sligu                               - i=1653
[  debug  ] (2025-08-15 17:20:32) sligu                               - i=1654
[  debug  ] (2025-08-15 17:20:32) sligu                               - i=1655
[  debug  ] (2025-08-15 17:20:32) sligu                               - i=1656
[  debug  ] (2025-08-15 17:20:32) sligu                               - i=1657
[  debug  ] (2025-08-15 17:20:32) sligu                               - i=1658
[  debug  ] (2025-08-15 17:20:32) sligu                               - i=1659
[  debug  ] (2025-08-15 17:20:32) sligu                               - i=1660
[  debug  ] (2025-08-15 17:20:32) sligu                               - i=1661
[  debug  ] (2025-08-15 17:20:32) sligu                               - i=1662
[  debug  ] (2025-08-15 17:20:32) sligu                               - i=1663
[  debug  ] (2025-08-15 17:20:32) sligu                               - i=1664
[  debug  ] (2025-08-15 17:20:32) sligu                               - i=1665
[  debug  ] (2025-08-15 17:20:32) sligu                               - i=1666
[  debug  ] (2025-08-15 17:20:32) sligu                               - i=1667
[  debug  ] (2025-08-15 17:20:32) sligu                               - i=1668
[  debug  ] (2025-08-15 17:20:32) sligu                               - i=1669
[  debug  ] (2025-08-15 17:20:32) sligu                               - i=1670
[  debug  ] (2025-08-15 17:20:32) sligu                               - i=1671
[  debug  ] (2025-08-15 17:20:32) sligu                               - i=1672
[  debug  ] (2025-08-15 17:20:32) sligu                               - i=1673
[  debug  ] (2025-08-15 17:20:32) sligu                               - i=1674
[  debug  ] (2025-08-15 17:20:33) sligu                               - i=1675
[  debug  ] (2025-08-15 17:20:33) sligu                               - i=1676
[  debug  ] (2025-08-15 17:20:33) sligu                               - i=1677
[  debug  ] (2025-08-15 17:20:33) sligu                               - i=1678
[  debug  ] (2025-08-15 17:20:33) sligu                               - i=1679
[  debug  ] (2025-08-15 17:20:33) sligu                               - i=1680
[  debug  ] (2025-08-15 17:20:33) sligu                               - i=1681
[  debug  ] (2025-08-15 17:20:33) sligu                               - i=1682
[  debug  ] (2025-08-15 17:20:33) sligu                               - i=1683
[  debug  ] (2025-08-15 17:20:33) sligu                               - i=1684
[  debug  ] (2025-08-15 17:20:33) sligu                               - i=1685
[  debug  ] (2025-08-15 17:20:33) sligu                               - i=1686
[  debug  ] (2025-08-15 17:20:33) sligu                               - i=1687
[  debug  ] (2025-08-15 17:20:33) sligu                               - i=1688
[  debug  ] (2025-08-15 17:20:33) sligu                               - i=1689
[  debug  ] (2025-08-15 17:20:33) sligu                               - i=1690
[  debug  ] (2025-08-15 17:20:33) sligu                               - i=1691
[  debug  ] (2025-08-15 17:20:33) sligu                               - i=1692
[  debug  ] (2025-08-15 17:20:33) sligu                               - i=1693
[  debug  ] (2025-08-15 17:20:33) sligu                               - i=1694
[  debug  ] (2025-08-15 17:20:33) sligu                               - i=1695
[  debug  ] (2025-08-15 17:20:33) sligu                               - i=1696
[  debug  ] (2025-08-15 17:20:33) sligu                               - i=1697
[  debug  ] (2025-08-15 17:20:33) sligu                               - i=1698
[  debug  ] (2025-08-15 17:20:33) sligu                               - i=1699
[  debug  ] (2025-08-15 17:20:33) sligu                               - i=1700
[  debug  ] (2025-08-15 17:20:33) sligu                               - i=1701
[  debug  ] (2025-08-15 17:20:33) sligu                               - i=1702
[  debug  ] (2025-08-15 17:20:33) sligu                               - i=1703
[  debug  ] (2025-08-15 17:20:33) sligu                               - i=1704
[  debug  ] (2025-08-15 17:20:33) sligu                               - i=1705
[  debug  ] (2025-08-15 17:20:33) sligu                               - i=1706
[  debug  ] (2025-08-15 17:20:33) sligu                               - i=1707
[  debug  ] (2025-08-15 17:20:33) sligu                               - i=1708
[  debug  ] (2025-08-15 17:20:33) sligu                               - i=1709
[  debug  ] (2025-08-15 17:20:33) sligu                               - i=1710
[  debug  ] (2025-08-15 17:20:33) sligu                               - i=1711
[  debug  ] (2025-08-15 17:20:33) sligu                               - i=1712
[  debug  ] (2025-08-15 17:20:33) sligu                               - i=1713
[  debug  ] (2025-08-15 17:20:33) sligu                               - i=1714
[  debug  ] (2025-08-15 17:20:33) sligu                               - i=1715
[  debug  ] (2025-08-15 17:20:33) sligu                               - i=1716
[  debug  ] (2025-08-15 17:20:33) sligu                               - i=1717
[  debug  ] (2025-08-15 17:20:33) sligu                               - i=1718
[  debug  ] (2025-08-15 17:20:33) sligu                               - i=1719
[  debug  ] (2025-08-15 17:20:33) sligu                               - i=1720
[  debug  ] (2025-08-15 17:20:33) sligu                               - i=1721
[  debug  ] (2025-08-15 17:20:33) sligu                               - i=1722
[  debug  ] (2025-08-15 17:20:33) sligu                               - i=1723
[  debug  ] (2025-08-15 17:20:33) sligu                               - i=1724
[  debug  ] (2025-08-15 17:20:33) sligu                               - i=1725
[  debug  ] (2025-08-15 17:20:33) sligu                               - i=1726
[  debug  ] (2025-08-15 17:20:33) sligu                               - i=1727
[  debug  ] (2025-08-15 17:20:33) sligu                               - i=1728
[  debug  ] (2025-08-15 17:20:33) sligu                               - i=1729
[  debug  ] (2025-08-15 17:20:33) sligu                               - i=1730
[  debug  ] (2025-08-15 17:20:33) sligu                               - i=1731
[  debug  ] (2025-08-15 17:20:33) sligu                               - i=1732
[  debug  ] (2025-08-15 17:20:33) sligu                               - i=1733
[  debug  ] (2025-08-15 17:20:33) sligu                               - i=1734
[  debug  ] (2025-08-15 17:20:33) sligu                               - i=1735
[  debug  ] (2025-08-15 17:20:34) sligu                               - i=1736
[  debug  ] (2025-08-15 17:20:34) sligu                               - i=1737
[  debug  ] (2025-08-15 17:20:34) sligu                               - i=1738
[  debug  ] (2025-08-15 17:20:34) sligu                               - i=1739
[  debug  ] (2025-08-15 17:20:34) sligu                               - i=1740
[  debug  ] (2025-08-15 17:20:34) sligu                               - i=1741
[  debug  ] (2025-08-15 17:20:34) sligu                               - i=1742
[  debug  ] (2025-08-15 17:20:34) sligu                               - i=1743
[  debug  ] (2025-08-15 17:20:34) sligu                               - i=1744
[  debug  ] (2025-08-15 17:20:34) sligu                               - i=1745
[  debug  ] (2025-08-15 17:20:34) sligu                               - i=1746
[  debug  ] (2025-08-15 17:20:34) sligu                               - i=1747
[  debug  ] (2025-08-15 17:20:34) sligu                               - i=1748
[  debug  ] (2025-08-15 17:20:34) sligu                               - i=1749
[  debug  ] (2025-08-15 17:20:34) sligu                               - i=1750
[  debug  ] (2025-08-15 17:20:34) sligu                               - i=1751
[  debug  ] (2025-08-15 17:20:34) sligu                               - i=1752
[  debug  ] (2025-08-15 17:20:34) sligu                               - i=1753
[  debug  ] (2025-08-15 17:20:34) sligu                               - i=1754
[  debug  ] (2025-08-15 17:20:34) sligu                               - i=1755
[  debug  ] (2025-08-15 17:20:34) sligu                               - i=1756
[  debug  ] (2025-08-15 17:20:34) sligu                               - i=1757
[  debug  ] (2025-08-15 17:20:34) sligu                               - i=1758
[  debug  ] (2025-08-15 17:20:34) sligu                               - i=1759
[  debug  ] (2025-08-15 17:20:34) sligu                               - i=1760
[  debug  ] (2025-08-15 17:20:34) sligu                               - i=1761
[  debug  ] (2025-08-15 17:20:34) sligu                               - i=1762
[  debug  ] (2025-08-15 17:20:34) sligu                               - i=1763
[  debug  ] (2025-08-15 17:20:34) sligu                               - i=1764
[  debug  ] (2025-08-15 17:20:34) sligu                               - i=1765
[  debug  ] (2025-08-15 17:20:34) sligu                               - i=1766
[  debug  ] (2025-08-15 17:20:34) sligu                               - i=1767
[  debug  ] (2025-08-15 17:20:34) sligu                               - i=1768
[  debug  ] (2025-08-15 17:20:34) sligu                               - i=1769
[  debug  ] (2025-08-15 17:20:34) sligu                               - i=1770
[  debug  ] (2025-08-15 17:20:34) sligu                               - i=1771
[  debug  ] (2025-08-15 17:20:34) sligu                               - i=1772
[  debug  ] (2025-08-15 17:20:34) sligu                               - i=1773
[  debug  ] (2025-08-15 17:20:34) sligu                               - i=1774
[  debug  ] (2025-08-15 17:20:34) sligu                               - i=1775
[  debug  ] (2025-08-15 17:20:34) sligu                               - i=1776
[  debug  ] (2025-08-15 17:20:34) sligu                               - i=1777
[  debug  ] (2025-08-15 17:20:34) sligu                               - i=1778
[  debug  ] (2025-08-15 17:20:34) sligu                               - i=1779
[  debug  ] (2025-08-15 17:20:34) sligu                               - i=1780
[  debug  ] (2025-08-15 17:20:34) sligu                               - i=1781
[  debug  ] (2025-08-15 17:20:34) sligu                               - i=1782
[  debug  ] (2025-08-15 17:20:34) sligu                               - i=1783
[  debug  ] (2025-08-15 17:20:34) sligu                               - i=1784
[  debug  ] (2025-08-15 17:20:34) sligu                               - i=1785
[  debug  ] (2025-08-15 17:20:34) sligu                               - i=1786
[  debug  ] (2025-08-15 17:20:34) sligu                               - i=1787
[  debug  ] (2025-08-15 17:20:34) sligu                               - i=1788
[  debug  ] (2025-08-15 17:20:34) sligu                               - i=1789
[  debug  ] (2025-08-15 17:20:34) sligu                               - i=1790
[  debug  ] (2025-08-15 17:20:34) sligu                               - i=1791
[  debug  ] (2025-08-15 17:20:34) sligu                               - i=1792
[  debug  ] (2025-08-15 17:20:34) sligu                               - i=1793
[  debug  ] (2025-08-15 17:20:34) sligu                               - i=1794
[  debug  ] (2025-08-15 17:20:35) sligu                               - i=1795
[  debug  ] (2025-08-15 17:20:35) sligu                               - i=1796
[  debug  ] (2025-08-15 17:20:35) sligu                               - i=1797
[  debug  ] (2025-08-15 17:20:35) sligu                               - i=1798
[  debug  ] (2025-08-15 17:20:35) sligu                               - i=1799
[  debug  ] (2025-08-15 17:20:35) sligu                               - i=1800
[  debug  ] (2025-08-15 17:20:35) sligu                               - i=1801
[  debug  ] (2025-08-15 17:20:35) sligu                               - i=1802
[  debug  ] (2025-08-15 17:20:35) sligu                               - i=1803
[  debug  ] (2025-08-15 17:20:35) sligu                               - i=1804
[  debug  ] (2025-08-15 17:20:35) sligu                               - i=1805
[  debug  ] (2025-08-15 17:20:35) sligu                               - i=1806
[  debug  ] (2025-08-15 17:20:35) sligu                               - i=1807
[  debug  ] (2025-08-15 17:20:35) sligu                               - i=1808
[  debug  ] (2025-08-15 17:20:35) sligu                               - i=1809
[  debug  ] (2025-08-15 17:20:35) sligu                               - i=1810
[  debug  ] (2025-08-15 17:20:35) sligu                               - i=1811
[  debug  ] (2025-08-15 17:20:35) sligu                               - i=1812
[  debug  ] (2025-08-15 17:20:35) sligu                               - i=1813
[  debug  ] (2025-08-15 17:20:35) sligu                               - i=1814
[  debug  ] (2025-08-15 17:20:35) sligu                               - i=1815
[  debug  ] (2025-08-15 17:20:35) sligu                               - i=1816
[  debug  ] (2025-08-15 17:20:35) sligu                               - i=1817
[  debug  ] (2025-08-15 17:20:35) sligu                               - i=1818
[  debug  ] (2025-08-15 17:20:35) sligu                               - i=1819
[  debug  ] (2025-08-15 17:20:35) sligu                               - i=1820
[  debug  ] (2025-08-15 17:20:35) sligu                               - i=1821
[  debug  ] (2025-08-15 17:20:35) sligu                               - i=1822
[  debug  ] (2025-08-15 17:20:35) sligu                               - i=1823
[  debug  ] (2025-08-15 17:20:35) sligu                               - i=1824
[  debug  ] (2025-08-15 17:20:35) sligu                               - i=1825
[  debug  ] (2025-08-15 17:20:35) sligu                               - i=1826
[  debug  ] (2025-08-15 17:20:35) sligu                               - i=1827
[  debug  ] (2025-08-15 17:20:35) sligu                               - i=1828
[  debug  ] (2025-08-15 17:20:35) sligu                               - i=1829
[  debug  ] (2025-08-15 17:20:35) sligu                               - i=1830
[  debug  ] (2025-08-15 17:20:35) sligu                               - i=1831
[  debug  ] (2025-08-15 17:20:35) sligu                               - i=1832
[  debug  ] (2025-08-15 17:20:35) sligu                               - i=1833
[  debug  ] (2025-08-15 17:20:35) sligu                               - i=1834
[  debug  ] (2025-08-15 17:20:35) sligu                               - i=1835
[  debug  ] (2025-08-15 17:20:35) sligu                               - i=1836
[  debug  ] (2025-08-15 17:20:35) sligu                               - i=1837
[  debug  ] (2025-08-15 17:20:35) sligu                               - i=1838
[  debug  ] (2025-08-15 17:20:35) sligu                               - i=1839
[  debug  ] (2025-08-15 17:20:35) sligu                               - i=1840
[  debug  ] (2025-08-15 17:20:35) sligu                               - i=1841
[  debug  ] (2025-08-15 17:20:35) sligu                               - i=1842
[  debug  ] (2025-08-15 17:20:35) sligu                               - i=1843
[  debug  ] (2025-08-15 17:20:35) sligu                               - i=1844
[  debug  ] (2025-08-15 17:20:35) sligu                               - i=1845
[  debug  ] (2025-08-15 17:20:35) sligu                               - i=1846
[  debug  ] (2025-08-15 17:20:35) sligu                               - i=1847
[  debug  ] (2025-08-15 17:20:35) sligu                               - i=1848
[  debug  ] (2025-08-15 17:20:35) sligu                               - i=1849
[  debug  ] (2025-08-15 17:20:36) sligu                               - i=1850
[  debug  ] (2025-08-15 17:20:36) sligu                               - i=1851
[  debug  ] (2025-08-15 17:20:36) sligu                               - i=1852
[  debug  ] (2025-08-15 17:20:36) sligu                               - i=1853
[  debug  ] (2025-08-15 17:20:36) sligu                               - i=1854
[  debug  ] (2025-08-15 17:20:36) sligu                               - i=1855
[  debug  ] (2025-08-15 17:20:36) sligu                               - i=1856
[  debug  ] (2025-08-15 17:20:36) sligu                               - i=1857
[  debug  ] (2025-08-15 17:20:36) sligu                               - i=1858
[  debug  ] (2025-08-15 17:20:36) sligu                               - i=1859
[  debug  ] (2025-08-15 17:20:36) sligu                               - i=1860
[  debug  ] (2025-08-15 17:20:36) sligu                               - i=1861
[  debug  ] (2025-08-15 17:20:36) sligu                               - i=1862
[  debug  ] (2025-08-15 17:20:36) sligu                               - i=1863
[  debug  ] (2025-08-15 17:20:36) sligu                               - i=1864
[  debug  ] (2025-08-15 17:20:36) sligu                               - i=1865
[  debug  ] (2025-08-15 17:20:36) sligu                               - i=1866
[  debug  ] (2025-08-15 17:20:36) sligu                               - i=1867
[  debug  ] (2025-08-15 17:20:36) sligu                               - i=1868
[  debug  ] (2025-08-15 17:20:36) sligu                               - i=1869
[  debug  ] (2025-08-15 17:20:36) sligu                               - i=1870
[  debug  ] (2025-08-15 17:20:36) sligu                               - i=1871
[  debug  ] (2025-08-15 17:20:36) sligu                               - i=1872
[  debug  ] (2025-08-15 17:20:36) sligu                               - i=1873
[  debug  ] (2025-08-15 17:20:36) sligu                               - i=1874
[  debug  ] (2025-08-15 17:20:36) sligu                               - i=1875
[  debug  ] (2025-08-15 17:20:36) sligu                               - i=1876
[  debug  ] (2025-08-15 17:20:36) sligu                               - i=1877
[  debug  ] (2025-08-15 17:20:36) sligu                               - i=1878
[  debug  ] (2025-08-15 17:20:36) sligu                               - i=1879
[  debug  ] (2025-08-15 17:20:36) sligu                               - i=1880
[  debug  ] (2025-08-15 17:20:36) sligu                               - i=1881
[  debug  ] (2025-08-15 17:20:36) sligu                               - i=1882
[  debug  ] (2025-08-15 17:20:36) sligu                               - i=1883
[  debug  ] (2025-08-15 17:20:36) sligu                               - i=1884
[  debug  ] (2025-08-15 17:20:36) sligu                               - i=1885
[  debug  ] (2025-08-15 17:20:36) sligu                               - i=1886
[  debug  ] (2025-08-15 17:20:36) sligu                               - i=1887
[  debug  ] (2025-08-15 17:20:36) sligu                               - i=1888
[  debug  ] (2025-08-15 17:20:36) sligu                               - i=1889
[  debug  ] (2025-08-15 17:20:36) sligu                               - i=1890
[  debug  ] (2025-08-15 17:20:36) sligu                               - i=1891
[  debug  ] (2025-08-15 17:20:36) sligu                               - i=1892
[  debug  ] (2025-08-15 17:20:36) sligu                               - i=1893
[  debug  ] (2025-08-15 17:20:36) sligu                               - i=1894
[  debug  ] (2025-08-15 17:20:36) sligu                               - i=1895
[  debug  ] (2025-08-15 17:20:36) sligu                               - i=1896
[  debug  ] (2025-08-15 17:20:36) sligu                               - i=1897
[  debug  ] (2025-08-15 17:20:36) sligu                               - i=1898
[  debug  ] (2025-08-15 17:20:36) sligu                               - i=1899
[  debug  ] (2025-08-15 17:20:36) sligu                               - i=1900
[  debug  ] (2025-08-15 17:20:36) sligu                               - i=1901
[  debug  ] (2025-08-15 17:20:36) sligu                               - i=1902
[  debug  ] (2025-08-15 17:20:37) sligu                               - i=1903
[  debug  ] (2025-08-15 17:20:37) sligu                               - i=1904
[  debug  ] (2025-08-15 17:20:37) sligu                               - i=1905
[  debug  ] (2025-08-15 17:20:37) sligu                               - i=1906
[  debug  ] (2025-08-15 17:20:37) sligu                               - i=1907
[  debug  ] (2025-08-15 17:20:37) sligu                               - i=1908
[  debug  ] (2025-08-15 17:20:37) sligu                               - i=1909
[  debug  ] (2025-08-15 17:20:37) sligu                               - i=1910
[  debug  ] (2025-08-15 17:20:37) sligu                               - i=1911
[  debug  ] (2025-08-15 17:20:37) sligu                               - i=1912
[  debug  ] (2025-08-15 17:20:37) sligu                               - i=1913
[  debug  ] (2025-08-15 17:20:37) sligu                               - i=1914
[  debug  ] (2025-08-15 17:20:37) sligu                               - i=1915
[  debug  ] (2025-08-15 17:20:37) sligu                               - i=1916
[  debug  ] (2025-08-15 17:20:37) sligu                               - i=1917
[  debug  ] (2025-08-15 17:20:37) sligu                               - i=1918
[  debug  ] (2025-08-15 17:20:37) sligu                               - i=1919
[  debug  ] (2025-08-15 17:20:37) sligu                               - i=1920
[  debug  ] (2025-08-15 17:20:37) sligu                               - i=1921
[  debug  ] (2025-08-15 17:20:37) sligu                               - i=1922
[  debug  ] (2025-08-15 17:20:37) sligu                               - i=1923
[  debug  ] (2025-08-15 17:20:37) sligu                               - i=1924
[  debug  ] (2025-08-15 17:20:37) sligu                               - i=1925
[  debug  ] (2025-08-15 17:20:37) sligu                               - i=1926
[  debug  ] (2025-08-15 17:20:37) sligu                               - i=1927
[  debug  ] (2025-08-15 17:20:37) sligu                               - i=1928
[  debug  ] (2025-08-15 17:20:37) sligu                               - i=1929
[  debug  ] (2025-08-15 17:20:37) sligu                               - i=1930
[  debug  ] (2025-08-15 17:20:37) sligu                               - i=1931
[  debug  ] (2025-08-15 17:20:37) sligu                               - i=1932
[  debug  ] (2025-08-15 17:20:37) sligu                               - i=1933
[  debug  ] (2025-08-15 17:20:37) sligu                               - i=1934
[  debug  ] (2025-08-15 17:20:37) sligu                               - i=1935
[  debug  ] (2025-08-15 17:20:37) sligu                               - i=1936
[  debug  ] (2025-08-15 17:20:37) sligu                               - i=1937
[  debug  ] (2025-08-15 17:20:37) sligu                               - i=1938
[  debug  ] (2025-08-15 17:20:37) sligu                               - i=1939
[  debug  ] (2025-08-15 17:20:37) sligu                               - i=1940
[  debug  ] (2025-08-15 17:20:37) sligu                               - i=1941
[  debug  ] (2025-08-15 17:20:37) sligu                               - i=1942
[  debug  ] (2025-08-15 17:20:37) sligu                               - i=1943
[  debug  ] (2025-08-15 17:20:37) sligu                               - i=1944
[  debug  ] (2025-08-15 17:20:37) sligu                               - i=1945
[  debug  ] (2025-08-15 17:20:37) sligu                               - i=1946
[  debug  ] (2025-08-15 17:20:37) sligu                               - i=1947
[  debug  ] (2025-08-15 17:20:37) sligu                               - i=1948
[  debug  ] (2025-08-15 17:20:37) sligu                               - i=1949
[  debug  ] (2025-08-15 17:20:37) sligu                               - i=1950
[  debug  ] (2025-08-15 17:20:37) sligu                               - i=1951
[  debug  ] (2025-08-15 17:20:37) sligu                               - i=1952
[  debug  ] (2025-08-15 17:20:37) sligu                               - i=1953
[  debug  ] (2025-08-15 17:20:37) sligu                               - i=1954
[  debug  ] (2025-08-15 17:20:38) sligu                               - i=1955
[  debug  ] (2025-08-15 17:20:38) sligu                               - i=1956
[  debug  ] (2025-08-15 17:20:38) sligu                               - i=1957
[  debug  ] (2025-08-15 17:20:38) sligu                               - i=1958
[  debug  ] (2025-08-15 17:20:38) sligu                               - i=1959
[  debug  ] (2025-08-15 17:20:38) sligu                               - i=1960
[  debug  ] (2025-08-15 17:20:38) sligu                               - i=1961
[  debug  ] (2025-08-15 17:20:38) sligu                               - i=1962
[  debug  ] (2025-08-15 17:20:38) sligu                               - i=1963
[  debug  ] (2025-08-15 17:20:38) sligu                               - i=1964
[  debug  ] (2025-08-15 17:20:38) sligu                               - i=1965
[  debug  ] (2025-08-15 17:20:38) sligu                               - i=1966
[  debug  ] (2025-08-15 17:20:38) sligu                               - i=1967
[  debug  ] (2025-08-15 17:20:38) sligu                               - i=1968
[  debug  ] (2025-08-15 17:20:38) sligu                               - i=1969
[  debug  ] (2025-08-15 17:20:38) sligu                               - i=1970
[  debug  ] (2025-08-15 17:20:38) sligu                               - i=1971
[  debug  ] (2025-08-15 17:20:38) sligu                               - i=1972
[  debug  ] (2025-08-15 17:20:38) sligu                               - i=1973
[  debug  ] (2025-08-15 17:20:38) sligu                               - i=1974
[  debug  ] (2025-08-15 17:20:38) sligu                               - i=1975
[  debug  ] (2025-08-15 17:20:38) sligu                               - i=1976
[  debug  ] (2025-08-15 17:20:38) sligu                               - i=1977
[  debug  ] (2025-08-15 17:20:38) sligu                               - i=1978
[  debug  ] (2025-08-15 17:20:38) sligu                               - i=1979
[  debug  ] (2025-08-15 17:20:38) sligu                               - i=1980
[  debug  ] (2025-08-15 17:20:38) sligu                               - i=1981
[  debug  ] (2025-08-15 17:20:38) sligu                               - i=1982
[  debug  ] (2025-08-15 17:20:38) sligu                               - i=1983
[  debug  ] (2025-08-15 17:20:38) sligu                               - i=1984
[  debug  ] (2025-08-15 17:20:38) sligu                               - i=1985
[  debug  ] (2025-08-15 17:20:38) sligu                               - i=1986
[  debug  ] (2025-08-15 17:20:38) sligu                               - i=1987
[  debug  ] (2025-08-15 17:20:38) sligu                               - i=1988
[  debug  ] (2025-08-15 17:20:38) sligu                               - i=1989
[  debug  ] (2025-08-15 17:20:38) sligu                               - i=1990
[  debug  ] (2025-08-15 17:20:38) sligu                               - i=1991
[  debug  ] (2025-08-15 17:20:38) sligu                               - i=1992
[  debug  ] (2025-08-15 17:20:38) sligu                               - i=1993
[  debug  ] (2025-08-15 17:20:38) sligu                               - i=1994
[  debug  ] (2025-08-15 17:20:38) sligu                               - i=1995
[  debug  ] (2025-08-15 17:20:38) sligu                               - i=1996
[  debug  ] (2025-08-15 17:20:38) sligu                               - i=1997
[  debug  ] (2025-08-15 17:20:38) sligu                               - i=1998
[  debug  ] (2025-08-15 17:20:38) sligu                               - i=1999
[  debug  ] (2025-08-15 17:20:38) sligu                               - i=2000
[  debug  ] (2025-08-15 17:20:38) sligu                               - i=2001
[  debug  ] (2025-08-15 17:20:38) sligu                               - i=2002
[  debug  ] (2025-08-15 17:20:38) sligu                               - i=2003
[  debug  ] (2025-08-15 17:20:38) sligu                               - i=2004
[  debug  ] (2025-08-15 17:20:38) sligu                               - i=2005
[  debug  ] (2025-08-15 17:20:38) sligu                               - i=2006
[  debug  ] (2025-08-15 17:20:39) sligu                               - i=2007
[  debug  ] (2025-08-15 17:20:39) sligu                               - i=2008
[  debug  ] (2025-08-15 17:20:39) sligu                               - i=2009
[  debug  ] (2025-08-15 17:20:39) sligu                               - i=2010
[  debug  ] (2025-08-15 17:20:39) sligu                               - i=2011
[  debug  ] (2025-08-15 17:20:39) sligu                               - i=2012
[  debug  ] (2025-08-15 17:20:39) sligu                               - i=2013
[  debug  ] (2025-08-15 17:20:39) sligu                               - i=2014
[  debug  ] (2025-08-15 17:20:39) sligu                               - i=2015
[  debug  ] (2025-08-15 17:20:39) sligu                               - i=2016
[  debug  ] (2025-08-15 17:20:39) sligu                               - i=2017
[  debug  ] (2025-08-15 17:20:39) sligu                               - i=2018
[  debug  ] (2025-08-15 17:20:39) sligu                               - i=2019
[  debug  ] (2025-08-15 17:20:39) sligu                               - i=2020
[  debug  ] (2025-08-15 17:20:39) sligu                               - i=2021
[  debug  ] (2025-08-15 17:20:39) sligu                               - i=2022
[  debug  ] (2025-08-15 17:20:39) sligu                               - i=2023
[  debug  ] (2025-08-15 17:20:39) sligu                               - i=2024
[  debug  ] (2025-08-15 17:20:39) sligu                               - i=2025
[  debug  ] (2025-08-15 17:20:39) sligu                               - i=2026
[  debug  ] (2025-08-15 17:20:39) sligu                               - i=2027
[  debug  ] (2025-08-15 17:20:39) sligu                               - i=2028
[  debug  ] (2025-08-15 17:20:39) sligu                               - i=2029
[  debug  ] (2025-08-15 17:20:39) sligu                               - i=2030
[  debug  ] (2025-08-15 17:20:39) sligu                               - i=2031
[  debug  ] (2025-08-15 17:20:39) sligu                               - i=2032
[  debug  ] (2025-08-15 17:20:39) sligu                               - i=2033
[  debug  ] (2025-08-15 17:20:39) sligu                               - i=2034
[  debug  ] (2025-08-15 17:20:39) sligu                               - i=2035
[  debug  ] (2025-08-15 17:20:39) sligu                               - i=2036
[  debug  ] (2025-08-15 17:20:39) sligu                               - i=2037
[  debug  ] (2025-08-15 17:20:39) sligu                               - i=2038
[  debug  ] (2025-08-15 17:20:39) sligu                               - i=2039
[  debug  ] (2025-08-15 17:20:39) sligu                               - i=2040
[  debug  ] (2025-08-15 17:20:39) sligu                               - i=2041
[  debug  ] (2025-08-15 17:20:39) sligu                               - i=2042
[  debug  ] (2025-08-15 17:20:39) sligu                               - i=2043
[  debug  ] (2025-08-15 17:20:39) sligu                               - i=2044
[  debug  ] (2025-08-15 17:20:39) sligu                               - i=2045
[  debug  ] (2025-08-15 17:20:39) sligu                               - i=2046
[  debug  ] (2025-08-15 17:20:39) sligu                               - i=2047
[  debug  ] (2025-08-15 17:20:39) sligu                               - i=2048
[  debug  ] (2025-08-15 17:20:39) sligu                               - i=2049
[  debug  ] (2025-08-15 17:20:39) sligu                               - i=2050
[  debug  ] (2025-08-15 17:20:39) sligu                               - i=2051
[  debug  ] (2025-08-15 17:20:39) sligu                               - i=2052
[  debug  ] (2025-08-15 17:20:39) sligu                               - i=2053
[  debug  ] (2025-08-15 17:20:39) sligu                               - i=2054
[  debug  ] (2025-08-15 17:20:40) sligu                               - i=2055
[  debug  ] (2025-08-15 17:20:40) sligu                               - i=2056
[  debug  ] (2025-08-15 17:20:40) sligu                               - i=2057
[  debug  ] (2025-08-15 17:20:40) sligu                               - i=2058
[  debug  ] (2025-08-15 17:20:40) sligu                               - i=2059
[  debug  ] (2025-08-15 17:20:40) sligu                               - i=2060
[  debug  ] (2025-08-15 17:20:40) sligu                               - i=2061
[  debug  ] (2025-08-15 17:20:40) sligu                               - i=2062
[  debug  ] (2025-08-15 17:20:40) sligu                               - i=2063
[  debug  ] (2025-08-15 17:20:40) sligu                               - i=2064
[  debug  ] (2025-08-15 17:20:40) sligu                               - i=2065
[  debug  ] (2025-08-15 17:20:40) sligu                               - i=2066
[  debug  ] (2025-08-15 17:20:40) sligu                               - i=2067
[  debug  ] (2025-08-15 17:20:40) sligu                               - i=2068
[  debug  ] (2025-08-15 17:20:40) sligu                               - i=2069
[  debug  ] (2025-08-15 17:20:40) sligu                               - i=2070
[  debug  ] (2025-08-15 17:20:40) sligu                               - i=2071
[  debug  ] (2025-08-15 17:20:40) sligu                               - i=2072
[  debug  ] (2025-08-15 17:20:40) sligu                               - i=2073
[  debug  ] (2025-08-15 17:20:40) sligu                               - i=2074
[  debug  ] (2025-08-15 17:20:40) sligu                               - i=2075
[  debug  ] (2025-08-15 17:20:40) sligu                               - i=2076
[  debug  ] (2025-08-15 17:20:40) sligu                               - i=2077
[  debug  ] (2025-08-15 17:20:40) sligu                               - i=2078
[  debug  ] (2025-08-15 17:20:40) sligu                               - i=2079
[  debug  ] (2025-08-15 17:20:40) sligu                               - i=2080
[  debug  ] (2025-08-15 17:20:40) sligu                               - i=2081
[  debug  ] (2025-08-15 17:20:40) sligu                               - i=2082
[  debug  ] (2025-08-15 17:20:40) sligu                               - i=2083
[  debug  ] (2025-08-15 17:20:40) sligu                               - i=2084
[  debug  ] (2025-08-15 17:20:40) sligu                               - i=2085
[  debug  ] (2025-08-15 17:20:40) sligu                               - i=2086
[  debug  ] (2025-08-15 17:20:40) sligu                               - i=2087
[  debug  ] (2025-08-15 17:20:40) sligu                               - i=2088
[  debug  ] (2025-08-15 17:20:40) sligu                               - i=2089
[  debug  ] (2025-08-15 17:20:40) sligu                               - i=2090
[  debug  ] (2025-08-15 17:20:40) sligu                               - i=2091
[  debug  ] (2025-08-15 17:20:40) sligu                               - i=2092
[  debug  ] (2025-08-15 17:20:40) sligu                               - i=2093
[  debug  ] (2025-08-15 17:20:40) sligu                               - i=2094
[  debug  ] (2025-08-15 17:20:40) sligu                               - i=2095
[  debug  ] (2025-08-15 17:20:40) sligu                               - i=2096
[  debug  ] (2025-08-15 17:20:40) sligu                               - i=2097
[  debug  ] (2025-08-15 17:20:40) sligu                               - i=2098
[  debug  ] (2025-08-15 17:20:40) sligu                               - i=2099
[  debug  ] (2025-08-15 17:20:40) sligu                               - i=2100
[  debug  ] (2025-08-15 17:20:40) sligu                               - i=2101
[  debug  ] (2025-08-15 17:20:40) sligu                               - i=2102
[  debug  ] (2025-08-15 17:20:41) sligu                               - i=2103
[  debug  ] (2025-08-15 17:20:41) sligu                               - i=2104
[  debug  ] (2025-08-15 17:20:41) sligu                               - i=2105
[  debug  ] (2025-08-15 17:20:41) sligu                               - i=2106
[  debug  ] (2025-08-15 17:20:41) sligu                               - i=2107
[  debug  ] (2025-08-15 17:20:41) sligu                               - i=2108
[  debug  ] (2025-08-15 17:20:41) sligu                               - i=2109
[  debug  ] (2025-08-15 17:20:41) sligu                               - i=2110
[  debug  ] (2025-08-15 17:20:41) sligu                               - i=2111
[  debug  ] (2025-08-15 17:20:41) sligu                               - i=2112
[  debug  ] (2025-08-15 17:20:41) sligu                               - i=2113
[  debug  ] (2025-08-15 17:20:41) sligu                               - i=2114
[  debug  ] (2025-08-15 17:20:41) sligu                               - i=2115
[  debug  ] (2025-08-15 17:20:41) sligu                               - i=2116
[  debug  ] (2025-08-15 17:20:41) sligu                               - i=2117
[  debug  ] (2025-08-15 17:20:41) sligu                               - i=2118
[  debug  ] (2025-08-15 17:20:41) sligu                               - i=2119
[  debug  ] (2025-08-15 17:20:41) sligu                               - i=2120
[  debug  ] (2025-08-15 17:20:41) sligu                               - i=2121
[  debug  ] (2025-08-15 17:20:41) sligu                               - i=2122
[  debug  ] (2025-08-15 17:20:41) sligu                               - i=2123
[  debug  ] (2025-08-15 17:20:41) sligu                               - i=2124
[  debug  ] (2025-08-15 17:20:41) sligu                               - i=2125
[  debug  ] (2025-08-15 17:20:41) sligu                               - i=2126
[  debug  ] (2025-08-15 17:20:41) sligu                               - i=2127
[  debug  ] (2025-08-15 17:20:41) sligu                               - i=2128
[  debug  ] (2025-08-15 17:20:41) sligu                               - i=2129
[  debug  ] (2025-08-15 17:20:41) sligu                               - i=2130
[  debug  ] (2025-08-15 17:20:41) sligu                               - i=2131
[  debug  ] (2025-08-15 17:20:41) sligu                               - i=2132
[  debug  ] (2025-08-15 17:20:41) sligu                               - i=2133
[  debug  ] (2025-08-15 17:20:41) sligu                               - i=2134
[  debug  ] (2025-08-15 17:20:41) sligu                               - i=2135
[  debug  ] (2025-08-15 17:20:41) sligu                               - i=2136
[  debug  ] (2025-08-15 17:20:41) sligu                               - i=2137
[  debug  ] (2025-08-15 17:20:41) sligu                               - i=2138
[  debug  ] (2025-08-15 17:20:41) sligu                               - i=2139
[  debug  ] (2025-08-15 17:20:41) sligu                               - i=2140
[  debug  ] (2025-08-15 17:20:41) sligu                               - i=2141
[  debug  ] (2025-08-15 17:20:41) sligu                               - i=2142
[  debug  ] (2025-08-15 17:20:41) sligu                               - i=2143
[  debug  ] (2025-08-15 17:20:41) sligu                               - i=2144
[  debug  ] (2025-08-15 17:20:41) sligu                               - i=2145
[  debug  ] (2025-08-15 17:20:41) sligu                               - i=2146
[  debug  ] (2025-08-15 17:20:41) sligu                               - i=2147
[  debug  ] (2025-08-15 17:20:41) sligu                               - i=2148
[  debug  ] (2025-08-15 17:20:41) sligu                               - i=2149
[  debug  ] (2025-08-15 17:20:41) sligu                               - i=2150
[  debug  ] (2025-08-15 17:20:41) sligu                               - i=2151
[  debug  ] (2025-08-15 17:20:42) sligu                               - i=2152
[  debug  ] (2025-08-15 17:20:42) sligu                               - i=2153
[  debug  ] (2025-08-15 17:20:42) sligu                               - i=2154
[  debug  ] (2025-08-15 17:20:42) sligu                               - i=2155
[  debug  ] (2025-08-15 17:20:42) sligu                               - i=2156
[  debug  ] (2025-08-15 17:21:05) Logger created                      - 
[  info   ] (2025-08-15 17:21:05) Started !                           - 
[  info   ] (2025-08-15 17:21:05) 0                                   - 
[  info   ] (2025-08-15 17:21:21) Command entered:                    - input='test'
[ warning ] (2025-08-15 17:21:21) Deprecated use of function __main__.test() - 
[  error  ] (2025-08-15 17:21:21) masthon.Exceptions.CommandExecutionError: 'An exception as occured while executing the command named `test`.' TypeError("test() missing 1 required positional argument: 't'") - 
[  info   ] (2025-08-15 17:21:32) 3000000                             - 
[  info   ] (2025-08-15 17:21:38) Command entered:                    - input='test'
[ warning ] (2025-08-15 17:21:38) Deprecated use of function __main__.test() - 
[  error  ] (2025-08-15 17:21:38) masthon.Exceptions.CommandExecutionError: 'An exception as occured while executing the command named `test`.' TypeError("test() missing 1 required positional argument: 't'") - 
[  info   ] (2025-08-15 17:21:43) Command entered:                    - input='test'
[ warning ] (2025-08-15 17:21:43) Deprecated use of function __main__.test() - 
[  error  ] (2025-08-15 17:21:43) masthon.Exceptions.CommandExecutionError: 'An exception as occured while executing the command named `test`.' TypeError("test() missing 1 required positional argument: 't'") - 
[  info   ] (2025-08-15 17:21:45) Command entered:                    - input='tst'
[  error  ] (2025-08-15 17:21:45) masthon.Exceptions.CommandNotFound: 'Command `tst` not found. Type help to see commands that you can use `help` or `h`.' - 
[  info   ] (2025-08-15 17:21:47) Command entered:                    - input='test'
[ warning ] (2025-08-15 17:21:47) Deprecated use of function __main__.test() - 
[  error  ] (2025-08-15 17:21:47) masthon.Exceptions.CommandExecutionError: 'An exception as occured while executing the command named `test`.' TypeError("test() missing 1 required positional argument: 't'") - 
[  info   ] (2025-08-15 17:21:50) Command entered:                    - input='test ligzq'
[ warning ] (2025-08-15 17:21:50) Deprecated use of function __main__.test() - 
[critical ] (2025-08-15 17:21:50) What's going on ???                 - t='ligzq'
[  info   ] (2025-08-15 17:21:54) Command entered:                    - input='mmmmmmmmmmmmmmmmmmmmmm'
[  error  ] (2025-08-15 17:21:54) masthon.Exceptions.CommandNotFound: 'Command `mmmmmmmmmmmmmmmmmmmmmm` not found. Type help to see commands that you can use `help` or `h`.' - 
[  info   ] (2025-08-15 17:21:58) 6000000                             - 
[  info   ] (2025-08-15 17:22:00) Command entered:                    - input='aaaaaaaaaaaaaaaaaaa'
[  error  ] (2025-08-15 17:22:00) masthon.Exceptions.CommandNotFound: 'Command `aaaaaaaaaaaaaaaaaaa` not found. Type help to see commands that you can use `help` or `h`.' - 
[  info   ] (2025-08-15 17:22:08) Command entered:                    - input='sop'
[  error  ] (2025-08-15 17:22:08) masthon.Exceptions.CommandNotFound: 'Command `sop` not found. Type help to see commands that you can use `help` or `h`.' - 
[  info   ] (2025-08-15 17:22:12) Command entered:                    - input='stop'
[  info   ] (2025-08-15 17:22:12) Stoped !                            - 
[  debug  ] (2025-08-15 17:27:35) Logger created                      - 
[  info   ] (2025-08-15 17:27:35) Started !                           - 
[  info   ] (2025-08-15 17:27:35) Temps pr 1m iterations :            - t=0.021253347396850586
[  info   ] (2025-08-15 17:27:46) Temps pr 1m iterations :            - t=11.615463495254517
[  info   ] (2025-08-15 17:27:58) Temps pr 1m iterations :            - t=11.758824825286865
[  info   ] (2025-08-15 17:28:10) Temps pr 1m iterations :            - t=11.856927156448364
[  info   ] (2025-08-15 17:28:22) Temps pr 1m iterations :            - t=11.684061050415039
[  info   ] (2025-08-15 17:28:33) Temps pr 1m iterations :            - t=11.670726299285889
[  info   ] (2025-08-15 17:28:45) Temps pr 1m iterations :            - t=11.60582184791565
[  info   ] (2025-08-15 17:28:56) Temps pr 1m iterations :            - t=11.610419273376465
[  info   ] (2025-08-15 17:29:08) Temps pr 1m iterations :            - t=11.73259973526001
[  info   ] (2025-08-15 17:29:20) Temps pr 1m iterations :            - t=11.678607940673828
[  info   ] (2025-08-15 17:29:25) Command entered:                    - input='st hehhehe'
[  error  ] (2025-08-15 17:29:25) masthon.Exceptions.CommandNotFound: 'Command `st` not found. Type help to see commands that you can use `help` or `h`.' - 
[  info   ] (2025-08-15 17:29:31) Temps pr 1m iterations :            - t=11.574446439743042
[  info   ] (2025-08-15 17:29:43) Temps pr 1m iterations :            - t=11.717442512512207
[  info   ] (2025-08-15 17:29:55) Temps pr 1m iterations :            - t=11.851852893829346
[  info   ] (2025-08-15 17:30:00) Command entered:                    - input='stop'
[  info   ] (2025-08-15 17:30:00) Stoped !                            - 
[  debug  ] (2025-08-15 19:04:11) Logger created                      - 
[  info   ] (2025-08-15 19:04:11) Started !                           - 
[  info   ] (2025-08-15 19:04:11) Temps pr 1m iterations :            - t=0.021733999252319336
[  info   ] (2025-08-15 19:04:20) Command entered:                    - input='test'
[ warning ] (2025-08-15 19:04:20) Deprecated use of function __main__.test() - 
[  error  ] (2025-08-15 19:04:20) masthon.Exceptions.CommandExecutionError: 'An exception as occured while executing the command named `test`.' TypeError("test() missing 1 required positional argument: 't'") - 
[  info   ] (2025-08-15 19:04:23) Temps pr 1m iterations :            - t=11.599968433380127
[  info   ] (2025-08-15 19:04:26) Command entered:                    - input='stp'
[  error  ] (2025-08-15 19:04:26) masthon.Exceptions.CommandNotFound: 'Command `stp` not found. Type help to see commands that you can use `help` or `h`.' - 
[  info   ] (2025-08-15 19:04:35) Temps pr 1m iterations :            - t=11.776741981506348
[  info   ] (2025-08-15 19:04:46) Temps pr 1m iterations :            - t=11.856347560882568
[  info   ] (2025-08-15 19:04:58) Temps pr 1m iterations :            - t=11.917506694793701
[  info   ] (2025-08-15 19:05:10) Temps pr 1m iterations :            - t=11.969794273376465
[  info   ] (2025-08-15 19:05:22) Temps pr 1m iterations :            - t=12.077609539031982
[  info   ] (2025-08-15 19:05:35) Temps pr 1m iterations :            - t=12.299789190292358
[  info   ] (2025-08-15 19:05:47) Temps pr 1m iterations :            - t=12.200258016586304
[  info   ] (2025-08-15 19:05:59) Temps pr 1m iterations :            - t=12.165718078613281
[  info   ] (2025-08-15 19:06:12) Temps pr 1m iterations :            - t=12.432985544204712
[  info   ] (2025-08-15 19:06:24) Temps pr 1m iterations :            - t=11.97974181175232
[  info   ] (2025-08-15 19:06:36) Temps pr 1m iterations :            - t=12.469507217407227
[  info   ] (2025-08-15 19:06:48) Temps pr 1m iterations :            - t=12.165310859680176
[  info   ] (2025-08-15 19:07:00) Temps pr 1m iterations :            - t=11.933506727218628
[  info   ] (2025-08-15 19:07:12) Temps pr 1m iterations :            - t=11.777409315109253
[  info   ] (2025-08-15 19:07:14) Command entered:                    - input='stop'
[  info   ] (2025-08-15 19:07:14) Stoped !                            - 
[  debug  ] (2025-08-15 19:07:16) Logger created                      - 
[  info   ] (2025-08-15 19:07:16) Started !                           - 
[  info   ] (2025-08-15 19:07:16) Temps pr 1m iterations :            - t=0.021942138671875
[  info   ] (2025-08-15 19:07:42) Command entered:                    - input='stop'
[  info   ] (2025-08-15 19:07:42) Stoped !                            - 
[  debug  ] (2025-08-15 19:07:55) Logger created                      - 
[  info   ] (2025-08-15 19:07:55) Started !                           - 
[  info   ] (2025-08-15 19:07:55) Temps pr 1m iterations :            - t=0.021816730499267578
[  info   ] (2025-08-15 19:07:59) Command entered:                    - input='sssssssssssssssssssssssssssssssssssssssssssssssssssssssssssssssss'
[  error  ] (2025-08-15 19:07:59) masthon.Exceptions.CommandNotFound: 'Command `sssssssssssssssssssssssssssssssssssssssssssssssssssssssssssssssss` not found. Type help to see commands that you can use `help` or `h`.' - 
[  info   ] (2025-08-15 19:10:17) Command entered:                    - input='stop'
[  info   ] (2025-08-15 19:10:17) Stoped !                            - 
[  debug  ] (2025-08-15 19:10:25) Logger created                      - 
[  info   ] (2025-08-15 19:10:25) Started !                           - 
[  info   ] (2025-08-15 19:10:25) Temps pr 1m iterations :            - t=0.021762371063232422
[  info   ] (2025-08-15 19:10:34) Command entered:                    - input='stop'
[  info   ] (2025-08-15 19:10:34) Stoped !                            - 
[  debug  ] (2025-08-15 19:10:36) Logger created                      - 
[  info   ] (2025-08-15 19:10:36) Started !                           - 
[  info   ] (2025-08-15 19:10:36) Temps pr 1m iterations :            - t=0.021801233291625977
[  info   ] (2025-08-15 19:14:00) Command entered:                    - input='stop'
[  info   ] (2025-08-15 19:14:00) Stoped !                            - 
[  debug  ] (2025-08-15 19:14:12) Logger created                      - 
[  info   ] (2025-08-15 19:14:12) Started !                           - 
[  info   ] (2025-08-15 19:14:12) Temps pr 1m iterations :            - t=0.021587133407592773
[  info   ] (2025-08-15 19:14:20) Command entered:                    - input='ssssssssssssssssssssssssssssssssssssssssssssssssssssssssssssssssssssssssssssssssssssssssssssssssssssssssssssssssssssssssssssssssssssssssssssss'
[  error  ] (2025-08-15 19:14:20) masthon.Exceptions.CommandNotFound: 'Command `ssssssssssssssssssssssssssssssssssssssssssssssssssssssssssssssssssssssssssssssssssssssssssssssssssssssssssssssssssssssssssssssssssssssssssssss` not found. Type help to see commands that you can use `help` or `h`.' - 
[  info   ] (2025-08-15 19:15:22) Temps pr 1m iterations :            - t=70.49574828147888
[  info   ] (2025-08-15 19:16:32) Temps pr 1m iterations :            - t=70.25477480888367
[  info   ] (2025-08-15 19:17:43) Temps pr 1m iterations :            - t=70.30992674827576
[  info   ] (2025-08-15 19:18:53) Temps pr 1m iterations :            - t=70.48763108253479
[  info   ] (2025-08-15 19:20:04) Temps pr 1m iterations :            - t=70.33660984039307
[  info   ] (2025-08-15 19:21:14) Temps pr 1m iterations :            - t=70.38161587715149
[  info   ] (2025-08-15 19:22:24) Temps pr 1m iterations :            - t=70.40942907333374
[  info   ] (2025-08-15 19:23:35) Temps pr 1m iterations :            - t=70.5594973564148
[  info   ] (2025-08-15 19:24:45) Temps pr 1m iterations :            - t=70.24713206291199
[  info   ] (2025-08-15 19:25:56) Temps pr 1m iterations :            - t=70.39163327217102
[  info   ] (2025-08-15 19:27:06) Temps pr 1m iterations :            - t=70.43850612640381
[  info   ] (2025-08-15 19:28:16) Temps pr 1m iterations :            - t=70.45049023628235
[  info   ] (2025-08-15 19:29:27) Temps pr 1m iterations :            - t=70.33426189422607
[  info   ] (2025-08-15 19:30:37) Temps pr 1m iterations :            - t=70.45090699195862
[  info   ] (2025-08-15 19:31:48) Temps pr 1m iterations :            - t=70.34456658363342
[  info   ] (2025-08-15 19:32:58) Temps pr 1m iterations :            - t=70.27087163925171
[  info   ] (2025-08-15 19:34:08) Temps pr 1m iterations :            - t=70.37187576293945
[  info   ] (2025-08-15 19:35:18) Temps pr 1m iterations :            - t=70.26276850700378
[  info   ] (2025-08-15 19:36:29) Temps pr 1m iterations :            - t=70.37623167037964
[  info   ] (2025-08-15 19:37:39) Temps pr 1m iterations :            - t=70.41937828063965
[  info   ] (2025-08-15 19:38:50) Temps pr 1m iterations :            - t=70.37935519218445
[  info   ] (2025-08-15 19:40:00) Temps pr 1m iterations :            - t=70.35312342643738
[  info   ] (2025-08-15 19:41:10) Temps pr 1m iterations :            - t=70.30254077911377
[  info   ] (2025-08-15 19:42:21) Temps pr 1m iterations :            - t=70.32860255241394
[  info   ] (2025-08-15 19:43:31) Temps pr 1m iterations :            - t=70.37094783782959
[  info   ] (2025-08-15 19:44:41) Temps pr 1m iterations :            - t=70.3292145729065
[  info   ] (2025-08-15 19:45:52) Temps pr 1m iterations :            - t=70.39687085151672
[  info   ] (2025-08-15 19:47:02) Temps pr 1m iterations :            - t=70.29189109802246
[  info   ] (2025-08-15 19:48:12) Temps pr 1m iterations :            - t=70.42482829093933
[  info   ] (2025-08-15 19:49:23) Temps pr 1m iterations :            - t=70.40920734405518
[  info   ] (2025-08-15 19:50:33) Temps pr 1m iterations :            - t=70.28527212142944
[  info   ] (2025-08-15 19:51:44) Temps pr 1m iterations :            - t=70.46534395217896
[  info   ] (2025-08-15 19:52:54) Temps pr 1m iterations :            - t=70.35609030723572
[  info   ] (2025-08-15 21:33:29) Temps pr 1m iterations :            - t=6035.500360250473
[  info   ] (2025-08-15 21:33:33) Command entered:                    - input='stop'
[  info   ] (2025-08-15 21:33:33) Stoped !                            - 
[  debug  ] (2025-08-15 21:37:01) Logger created                      - 
[  info   ] (2025-08-15 21:37:01) Started !                           - 
[  info   ] (2025-08-15 21:37:06) Iterations en 5 secondes :          - i=55536
[  info   ] (2025-08-15 21:37:09) Command entered:                    - input='sssssssssssssssssssssssssssssssssssssssssssssssssssssssssssssssssssssssssssssssssssssssssssssssssssssssssssssssssssssssssssssssssssssssssssssssssssssssssssssssssssssssssssssssssssssssssssssssssssss'
[  error  ] (2025-08-15 21:37:09) masthon.Exceptions.CommandNotFound: 'Command `sssssssssssssssssssssssssssssssssssssssssssssssssssssssssssssssssssssssssssssssssssssssssssssssssssssssssssssssssssssssssssssssssssssssssssssssssssssssssssssssssssssssssssssssssssssssssssssssssssss` not found. Type help to see commands that you can use `help` or `h`.' - 
[  info   ] (2025-08-15 21:37:11) Iterations en 5 secondes :          - i=55041
[  info   ] (2025-08-15 21:37:16) Iterations en 5 secondes :          - i=55607
[  info   ] (2025-08-15 21:37:21) Iterations en 5 secondes :          - i=55864
[  info   ] (2025-08-15 21:37:26) Iterations en 5 secondes :          - i=55596
[  info   ] (2025-08-15 21:37:31) Iterations en 5 secondes :          - i=55319
[  info   ] (2025-08-15 21:37:34) Command entered:                    - input='sssssssssssssssssssssssssssssssssssssssssssssssssssssssssssssssssssssssssssssssssssssssssssssssssssssssssssssssssssssssssssssssssssssssssssssssssssssssssssssssssssssssssssssssssssssssssssssssssssssssssssssss'
[  error  ] (2025-08-15 21:37:34) masthon.Exceptions.CommandNotFound: 'Command `sssssssssssssssssssssssssssssssssssssssssssssssssssssssssssssssssssssssssssssssssssssssssssssssssssssssssssssssssssssssssssssssssssssssssssssssssssssssssssssssssssssssssssssssssssssssssssssssssssssssssssssss` not found. Type help to see commands that you can use `help` or `h`.' - 
[  info   ] (2025-08-15 21:37:36) Iterations en 5 secondes :          - i=55388
[  info   ] (2025-08-15 21:37:38) Command entered:                    - input='st'
[  error  ] (2025-08-15 21:37:38) masthon.Exceptions.CommandNotFound: 'Command `st` not found. Type help to see commands that you can use `help` or `h`.' - 
[  info   ] (2025-08-15 21:37:41) Iterations en 5 secondes :          - i=55460
[  info   ] (2025-08-15 21:37:44) Command entered:                    - input='stop'
[  info   ] (2025-08-15 21:37:44) Stoped !                            - 
[  debug  ] (2025-08-15 21:37:59) Logger created                      - 
[  info   ] (2025-08-15 21:37:59) Started !                           - 
[  info   ] (2025-08-15 21:38:02) Command entered:                    - input=''
[  error  ] (2025-08-15 21:38:02) masthon.Exceptions.CommandNotFound: 'Command `` not found. Type help to see commands that you can use `help` or `h`.' - 
[  info   ] (2025-08-15 21:38:03) Command entered:                    - input=''
[  error  ] (2025-08-15 21:38:03) masthon.Exceptions.CommandNotFound: 'Command `` not found. Type help to see commands that you can use `help` or `h`.' - 
[  info   ] (2025-08-15 21:38:04) Iterations en 5 secondes :          - i=28709
[  info   ] (2025-08-15 21:38:09) Iterations en 5 secondes :          - i=29010
[  info   ] (2025-08-15 21:38:14) Iterations en 5 secondes :          - i=29014
[  info   ] (2025-08-15 21:38:19) Iterations en 5 secondes :          - i=29031
[  info   ] (2025-08-15 21:38:24) Iterations en 5 secondes :          - i=29136
[  info   ] (2025-08-15 21:38:26) Command entered:                    - input='sssssssssssssssssssssssssssssssssssssssssssssssssssssssssssssssssssssssssssssssssssssssssssssssssssssssssssssssssssssssssssssssssssssssssssssssssssssssssssssssssssssssssssssssssssssssssssssssssssssssssssssss'
[  error  ] (2025-08-15 21:38:26) masthon.Exceptions.CommandNotFound: 'Command `sssssssssssssssssssssssssssssssssssssssssssssssssssssssssssssssssssssssssssssssssssssssssssssssssssssssssssssssssssssssssssssssssssssssssssssssssssssssssssssssssssssssssssssssssssssssssssssssssssssssssssssss` not found. Type help to see commands that you can use `help` or `h`.' - 
[  info   ] (2025-08-15 21:38:29) Iterations en 5 secondes :          - i=28921
[  info   ] (2025-08-15 21:38:34) Iterations en 5 secondes :          - i=29084
[  info   ] (2025-08-15 21:38:39) Iterations en 5 secondes :          - i=28888
[  info   ] (2025-08-15 21:38:44) Iterations en 5 secondes :          - i=29265
[  info   ] (2025-08-15 21:38:49) Iterations en 5 secondes :          - i=29159
[  info   ] (2025-08-15 21:38:50) Command entered:                    - input='stop'
[  info   ] (2025-08-15 21:38:50) Stoped !                            - 
[  debug  ] (2025-08-15 21:39:17) Logger created                      - 
[  info   ] (2025-08-15 21:39:17) Started !                           - 
[  info   ] (2025-08-15 21:39:22) Iterations en 5 secondes :          - i=18102
[  info   ] (2025-08-15 21:39:27) Iterations en 5 secondes :          - i=18148
[  info   ] (2025-08-15 21:39:27) Command entered:                    - input='sssssssssssssssssssssssssssssssssssssssssssssssssssssssssssssssssssssssssssssssssssssssssssssssssssssssssssssssssssssssssssssssssssssssssssssssssssssssssssssssssssssssssssssssssssssssssssssssssssssssssssssss'
[  error  ] (2025-08-15 21:39:27) masthon.Exceptions.CommandNotFound: 'Command `sssssssssssssssssssssssssssssssssssssssssssssssssssssssssssssssssssssssssssssssssssssssssssssssssssssssssssssssssssssssssssssssssssssssssssssssssssssssssssssssssssssssssssssssssssssssssssssssssssssssssssssss` not found. Type help to see commands that you can use `help` or `h`.' - 
[  info   ] (2025-08-15 21:39:31) Command entered:                    - input='stop'
[  info   ] (2025-08-15 21:39:31) Stoped !                            - 
[  debug  ] (2025-08-15 21:39:46) Logger created                      - 
[  info   ] (2025-08-15 21:39:46) Started !                           - 
[  info   ] (2025-08-15 21:39:51) Iterations en 5 secondes :          - i=8208
[  info   ] (2025-08-15 21:39:56) Iterations en 5 secondes :          - i=8294
[  info   ] (2025-08-15 21:40:01) Iterations en 5 secondes :          - i=8234
[  info   ] (2025-08-15 21:40:06) Iterations en 5 secondes :          - i=8229
[  info   ] (2025-08-15 21:40:07) Command entered:                    - input='sssssssssssssssssssssssssssssssssssssssssssssssssssssssssssssssssssssssssssssssssssssssssssssssssssssssssssssssssssssssssssssssssssssssssssssssssssssssssssssssssssssssssssssssssssssssssssssssssssssssssssssssstop'
[  error  ] (2025-08-15 21:40:07) masthon.Exceptions.CommandNotFound: 'Command `sssssssssssssssssssssssssssssssssssssssssssssssssssssssssssssssssssssssssssssssssssssssssssssssssssssssssssssssssssssssssssssssssssssssssssssssssssssssssssssssssssssssssssssssssssssssssssssssssssssssssssssssstop` not found. Type help to see commands that you can use `help` or `h`.' - 
[  info   ] (2025-08-15 21:40:10) Command entered:                    - input='stop'
[  info   ] (2025-08-15 21:40:10) Stoped !                            - 
[  debug  ] (2025-08-15 21:40:23) Logger created                      - 
[  info   ] (2025-08-15 21:40:23) Started !                           - 
[  info   ] (2025-08-15 21:40:28) Iterations en 5 secondes :          - i=4434
[  info   ] (2025-08-15 21:40:32) Command entered:                    - input='sssssssssssssssssssssssssssssssssssssssssssssssssssssssssssssssssssssssssssssssssssssssssssssssssssssssssssssssssssssssssssssssssssssssssssssssssssssssssssssssssssssssssssssssssssssssssssssssssssssssssssssss'
[  error  ] (2025-08-15 21:40:32) masthon.Exceptions.CommandNotFound: 'Command `sssssssssssssssssssssssssssssssssssssssssssssssssssssssssssssssssssssssssssssssssssssssssssssssssssssssssssssssssssssssssssssssssssssssssssssssssssssssssssssssssssssssssssssssssssssssssssssssssssssssssssssss` not found. Type help to see commands that you can use `help` or `h`.' - 
[  info   ] (2025-08-15 21:40:33) Iterations en 5 secondes :          - i=4403
[  info   ] (2025-08-15 21:40:38) Iterations en 5 secondes :          - i=4419
[  info   ] (2025-08-15 21:40:43) Iterations en 5 secondes :          - i=4429
[  info   ] (2025-08-15 21:40:48) Iterations en 5 secondes :          - i=4428
[  info   ] (2025-08-15 21:40:51) Command entered:                    - input='sssssssssssssssssssssssssssssssssssssssssssssssssssssssssssssssssssssssssssssssssssssssssssssssssssssssssssssssssssssssssssssssssssssssssssssssssssssssssssssssssssssssssssssssssssssssssssssssssssssssssssssss'
[  error  ] (2025-08-15 21:40:51) masthon.Exceptions.CommandNotFound: 'Command `sssssssssssssssssssssssssssssssssssssssssssssssssssssssssssssssssssssssssssssssssssssssssssssssssssssssssssssssssssssssssssssssssssssssssssssssssssssssssssssssssssssssssssssssssssssssssssssssssssssssssssssss` not found. Type help to see commands that you can use `help` or `h`.' - 
[  info   ] (2025-08-15 21:40:53) Iterations en 5 secondes :          - i=4403
[  info   ] (2025-08-15 21:40:54) Command entered:                    - input='stop'
[  info   ] (2025-08-15 21:40:54) Stoped !                            - 
[  debug  ] (2025-08-15 21:41:05) Logger created                      - 
[  info   ] (2025-08-15 21:41:05) Started !                           - 
[  info   ] (2025-08-15 21:41:10) Iterations en 5 secondes :          - i=2307
[  info   ] (2025-08-15 21:41:11) Command entered:                    - input='stop'
[  info   ] (2025-08-15 21:41:11) Stoped !                            - 
[  debug  ] (2025-08-15 21:41:16) Logger created                      - 
[  info   ] (2025-08-15 21:41:16) Started !                           - 
[  info   ] (2025-08-15 21:41:21) Iterations en 5 secondes :          - i=2301
[  info   ] (2025-08-15 21:41:26) Iterations en 5 secondes :          - i=2304
[  info   ] (2025-08-15 21:41:31) Iterations en 5 secondes :          - i=2298
[  info   ] (2025-08-15 21:41:36) Iterations en 5 secondes :          - i=2298
[  info   ] (2025-08-15 21:41:41) Iterations en 5 secondes :          - i=2312
[  info   ] (2025-08-15 21:41:46) Iterations en 5 secondes :          - i=2344
[  info   ] (2025-08-15 21:41:50) Command entered:                    - input='ssssssssssssssssssssssssssssssssssssssssssssssssssssssssssssssssssssssssssssssssssssssssssssssssssssssssssssssssssssssssssssssssssssssssssssssssssssssssssssssssssssssssssssssssssssssssssssssssssssssssssssss'
[  error  ] (2025-08-15 21:41:50) masthon.Exceptions.CommandNotFound: 'Command `ssssssssssssssssssssssssssssssssssssssssssssssssssssssssssssssssssssssssssssssssssssssssssssssssssssssssssssssssssssssssssssssssssssssssssssssssssssssssssssssssssssssssssssssssssssssssssssssssssssssssssssss` not found. Type help to see commands that you can use `help` or `h`.' - 
[  info   ] (2025-08-15 21:41:51) Iterations en 5 secondes :          - i=2296
[  info   ] (2025-08-15 21:41:53) Command entered:                    - input='stos'
[  error  ] (2025-08-15 21:41:53) masthon.Exceptions.CommandNotFound: 'Command `stos` not found. Type help to see commands that you can use `help` or `h`.' - 
[  info   ] (2025-08-15 21:41:56) Iterations en 5 secondes :          - i=2287
[  info   ] (2025-08-15 21:41:57) Command entered:                    - input='stop'
[  info   ] (2025-08-15 21:41:57) Stoped !                            - 
[  debug  ] (2025-08-15 21:42:09) Logger created                      - 
[  info   ] (2025-08-15 21:42:09) Started !                           - 
[  info   ] (2025-08-15 21:42:14) Iterations en 5 secondes :          - i=983
[  info   ] (2025-08-15 21:42:19) Iterations en 5 secondes :          - i=980
[  info   ] (2025-08-15 21:42:24) Iterations en 5 secondes :          - i=955
[  info   ] (2025-08-15 21:42:29) Iterations en 5 secondes :          - i=957
[  info   ] (2025-08-15 21:42:30) Command entered:                    - input='ssssssssssssssssssssssssssssssssssssssssssssssssssssssssssssssssssssssssssssssssssssssssssssssssssssssssssssssssssssssssssssssssssssssssssssssssssssssssssssssssssssssssssssssssssssssssssssssssssssssssssssss'
[  error  ] (2025-08-15 21:42:30) masthon.Exceptions.CommandNotFound: 'Command `ssssssssssssssssssssssssssssssssssssssssssssssssssssssssssssssssssssssssssssssssssssssssssssssssssssssssssssssssssssssssssssssssssssssssssssssssssssssssssssssssssssssssssssssssssssssssssssssssssssssssssssss` not found. Type help to see commands that you can use `help` or `h`.' - 
[  info   ] (2025-08-15 21:42:33) Command entered:                    - input='stop'
[  info   ] (2025-08-15 21:42:33) Stoped !                            - 
[  debug  ] (2025-08-15 21:42:37) Logger created                      - 
[  info   ] (2025-08-15 21:42:37) Started !                           - 
[  info   ] (2025-08-15 21:42:42) Iterations en 5 secondes :          - i=963
[  info   ] (2025-08-15 21:42:46) Command entered:                    - input='stopstopstopstopstopstop'
[  error  ] (2025-08-15 21:42:46) masthon.Exceptions.CommandNotFound: 'Command `stopstopstopstopstopstop` not found. Type help to see commands that you can use `help` or `h`.' - 
[  info   ] (2025-08-15 21:42:47) Iterations en 5 secondes :          - i=957
[  info   ] (2025-08-15 21:42:52) Iterations en 5 secondes :          - i=956
[  info   ] (2025-08-15 21:42:57) Iterations en 5 secondes :          - i=957
[  info   ] (2025-08-15 21:43:02) Iterations en 5 secondes :          - i=959
[  info   ] (2025-08-15 21:43:07) Iterations en 5 secondes :          - i=960
[  info   ] (2025-08-15 21:43:12) Iterations en 5 secondes :          - i=965
[  info   ] (2025-08-15 21:43:17) Iterations en 5 secondes :          - i=957
[  info   ] (2025-08-15 21:43:22) Iterations en 5 secondes :          - i=964
[  debug  ] (2025-08-15 21:43:22) Input: Unknown char                 - ord=249 . char='ù'
[  info   ] (2025-08-15 21:43:27) Iterations en 5 secondes :          - i=953
[  info   ] (2025-08-15 21:43:32) Iterations en 5 secondes :          - i=963
[  debug  ] (2025-08-15 21:43:35) Input: Unknown char                 - ord=249 . char='ù'
[  info   ] (2025-08-15 21:43:37) Iterations en 5 secondes :          - i=953
[  debug  ] (2025-08-15 21:43:38) Input: Unknown char                 - ord=163 . char='£'
[  debug  ] (2025-08-15 21:43:40) Input: Unknown char                 - ord=8364 . char='€'
[  info   ] (2025-08-15 21:43:42) Iterations en 5 secondes :          - i=948
[  info   ] (2025-08-15 21:43:47) Iterations en 5 secondes :          - i=957
[  info   ] (2025-08-15 21:43:52) Iterations en 5 secondes :          - i=957
[  info   ] (2025-08-15 21:43:56) Command entered:                    - input='azertyuiopazertyuiopqssdfgghjjlmwxxcvbnb,;:!<>%$stop'
[  error  ] (2025-08-15 21:43:56) masthon.Exceptions.CommandNotFound: 'Command `azertyuiopazertyuiopqssdfgghjjlmwxxcvbnb,;:!<>%$stop` not found. Type help to see commands that you can use `help` or `h`.' - 
[  info   ] (2025-08-15 21:43:57) Iterations en 5 secondes :          - i=957
[  info   ] (2025-08-15 21:43:58) Command entered:                    - input='stop'
[  info   ] (2025-08-15 21:43:58) Stoped !                            - 
[  debug  ] (2025-08-22 16:45:18) Logger created                      - 
[  info   ] (2025-08-22 16:45:18) Started !                           - 
[  info   ] (2025-08-22 16:45:22) Command entered:                    - input='test'
[ warning ] (2025-08-22 16:45:22) Deprecated use of function __main__.test() - 
[  error  ] (2025-08-22 16:45:22) masthon.Exceptions.CommandExecutionError: 'An exception as occured while executing the command named `test`.' TypeError("test() missing 1 required positional argument: 't'") - 
[  info   ] (2025-08-22 16:45:23) Iterations en 5 secondes :          - i=957
[  info   ] (2025-08-22 16:45:28) Iterations en 5 secondes :          - i=985
[  info   ] (2025-08-22 16:45:32) Command entered:                    - input='ssssssssssssssssssssssssssssssssssssssssssssssssssssssssssssssssssssssssssssssssssssssssssssssssssssssssssssssssssssssssssssssssssssssssssssssssssssssssssssssssssssssssssssssssssssssssssssssss'
[  error  ] (2025-08-22 16:45:32) masthon.Exceptions.CommandNotFound: 'Command `ssssssssssssssssssssssssssssssssssssssssssssssssssssssssssssssssssssssssssssssssssssssssssssssssssssssssssssssssssssssssssssssssssssssssssssssssssssssssssssssssssssssssssssssssssssssssssssssss` not found. Type help to see commands that you can use `help` or `h`.' - 
[  info   ] (2025-08-22 16:45:33) Iterations en 5 secondes :          - i=974
[  info   ] (2025-08-22 16:45:38) Iterations en 5 secondes :          - i=962
[  info   ] (2025-08-22 16:45:43) Iterations en 5 secondes :          - i=960
[  info   ] (2025-08-22 16:45:48) Iterations en 5 secondes :          - i=960
[  info   ] (2025-08-22 16:45:53) Iterations en 5 secondes :          - i=960
[  info   ] (2025-08-22 16:45:58) Iterations en 5 secondes :          - i=961
[  info   ] (2025-08-22 16:46:03) Iterations en 5 secondes :          - i=962
[  info   ] (2025-08-22 16:46:08) Iterations en 5 secondes :          - i=959
[  info   ] (2025-08-22 16:46:13) Iterations en 5 secondes :          - i=960
[  info   ] (2025-08-22 16:46:18) Iterations en 5 secondes :          - i=961
[  info   ] (2025-08-22 16:46:23) Iterations en 5 secondes :          - i=960
[  info   ] (2025-08-22 16:46:28) Iterations en 5 secondes :          - i=960
[  info   ] (2025-08-22 16:46:33) Iterations en 5 secondes :          - i=960
[  info   ] (2025-08-22 16:46:38) Iterations en 5 secondes :          - i=962
[  info   ] (2025-08-22 16:46:40) Command entered:                    - input=''
[  error  ] (2025-08-22 16:46:40) masthon.Exceptions.CommandNotFound: 'Command `` not found. Type help to see commands that you can use `help` or `h`.' - 
[  info   ] (2025-08-22 16:46:43) Iterations en 5 secondes :          - i=960
[  info   ] (2025-08-22 16:46:45) Command entered:                    - input='hey bro'
[  error  ] (2025-08-22 16:46:45) masthon.Exceptions.CommandNotFound: 'Command `hey` not found. Type help to see commands that you can use `help` or `h`.' - 
[  info   ] (2025-08-22 16:46:48) Iterations en 5 secondes :          - i=962
[  info   ] (2025-08-22 16:46:49) Command entered:                    - input='test blblblb*'
[ warning ] (2025-08-22 16:46:50) Deprecated use of function __main__.test() - 
[critical ] (2025-08-22 16:46:50) What's going on ???                 - t='blblblb*'
[  info   ] (2025-08-22 16:46:53) Iterations en 5 secondes :          - i=957
[  info   ] (2025-08-22 16:46:58) Iterations en 5 secondes :          - i=959
[  info   ] (2025-08-22 16:47:03) Iterations en 5 secondes :          - i=961
[  info   ] (2025-08-22 16:47:08) Iterations en 5 secondes :          - i=961
[  info   ] (2025-08-22 16:47:13) Iterations en 5 secondes :          - i=960
[  info   ] (2025-08-22 16:47:18) Iterations en 5 secondes :          - i=961
[  info   ] (2025-08-22 16:47:23) Iterations en 5 secondes :          - i=961
[  info   ] (2025-08-22 16:47:28) Iterations en 5 secondes :          - i=962
[  info   ] (2025-08-22 16:47:33) Iterations en 5 secondes :          - i=964
[  info   ] (2025-08-22 16:47:37) Command entered:                    - input='dddddddddddddddddddddddddddddddddddddddddddddd'
[  error  ] (2025-08-22 16:47:37) masthon.Exceptions.CommandNotFound: 'Command `dddddddddddddddddddddddddddddddddddddddddddddd` not found. Type help to see commands that you can use `help` or `h`.' - 
[  info   ] (2025-08-22 16:47:38) Iterations en 5 secondes :          - i=973
[  info   ] (2025-08-22 16:47:43) Iterations en 5 secondes :          - i=963
[  info   ] (2025-08-22 16:47:48) Iterations en 5 secondes :          - i=987
[  info   ] (2025-08-22 16:47:51) Command entered:                    - input='stop'
[  info   ] (2025-08-22 16:47:51) Stoped !                            - 
[  debug  ] (2025-08-22 16:47:54) Logger created                      - 
[  info   ] (2025-08-22 16:47:54) Started !                           - 
[  info   ] (2025-08-22 16:47:59) Iterations en 5 secondes :          - i=961
[  info   ] (2025-08-22 16:48:04) Iterations en 5 secondes :          - i=965
[  info   ] (2025-08-22 16:48:09) Iterations en 5 secondes :          - i=995
[  info   ] (2025-08-22 16:48:14) Iterations en 5 secondes :          - i=963
[  info   ] (2025-08-22 16:48:16) Command entered:                    - input='sssssssssssssssssssssssssssssssssssssssssssssssssssssssssssssssssssssssssssssssssssssssssssssssssssssssssssssssssssssssssssssssssssssssssssssssssssssssssssssssssssssssssssssssssssssssssssssssssssssssssssssss'
[  error  ] (2025-08-22 16:48:16) masthon.Exceptions.CommandNotFound: 'Command `sssssssssssssssssssssssssssssssssssssssssssssssssssssssssssssssssssssssssssssssssssssssssssssssssssssssssssssssssssssssssssssssssssssssssssssssssssssssssssssssssssssssssssssssssssssssssssssssssssssssssssssss` not found. Type help to see commands that you can use `help` or `h`.' - 
[  info   ] (2025-08-22 16:48:19) Iterations en 5 secondes :          - i=957
[  info   ] (2025-08-22 16:48:24) Iterations en 5 secondes :          - i=961
[  info   ] (2025-08-22 16:48:29) Iterations en 5 secondes :          - i=961
[  info   ] (2025-08-22 16:48:34) Iterations en 5 secondes :          - i=960
[  info   ] (2025-08-22 16:48:39) Iterations en 5 secondes :          - i=960
[  info   ] (2025-08-22 16:48:44) Iterations en 5 secondes :          - i=961
[  info   ] (2025-08-22 16:48:49) Iterations en 5 secondes :          - i=962
[  info   ] (2025-08-22 16:48:50) Command entered:                    - input='test'
[ warning ] (2025-08-22 16:48:50) Deprecated use of function __main__.test() - 
[  error  ] (2025-08-22 16:48:50) masthon.Exceptions.CommandExecutionError: 'An exception as occured while executing the command named `test`.' TypeError("test() missing 1 required positional argument: 't'") - 
[  info   ] (2025-08-22 16:48:54) Iterations en 5 secondes :          - i=955
[  info   ] (2025-08-22 16:48:59) Iterations en 5 secondes :          - i=959
[  info   ] (2025-08-22 16:49:04) Iterations en 5 secondes :          - i=964
[  info   ] (2025-08-22 16:49:09) Iterations en 5 secondes :          - i=960
[  info   ] (2025-08-22 16:49:14) Iterations en 5 secondes :          - i=958
[  info   ] (2025-08-22 16:49:17) Command entered:                    - input='hey'
[  error  ] (2025-08-22 16:49:17) masthon.Exceptions.CommandNotFound: 'Command `hey` not found. Type help to see commands that you can use `help` or `h`.' - 
[  info   ] (2025-08-22 16:49:19) Iterations en 5 secondes :          - i=960
[  info   ] (2025-08-22 16:49:20) Command entered:                    - input='test emihs'
[ warning ] (2025-08-22 16:49:20) Deprecated use of function __main__.test() - 
[critical ] (2025-08-22 16:49:20) What's going on ???                 - t='emihs'
[  info   ] (2025-08-22 16:49:23) Command entered:                    - input='test'
[ warning ] (2025-08-22 16:49:23) Deprecated use of function __main__.test() - 
[  error  ] (2025-08-22 16:49:23) masthon.Exceptions.CommandExecutionError: 'An exception as occured while executing the command named `test`.' TypeError("test() missing 1 required positional argument: 't'") - 
[  info   ] (2025-08-22 16:49:24) Iterations en 5 secondes :          - i=958
[  info   ] (2025-08-22 16:49:29) Iterations en 5 secondes :          - i=961
[  info   ] (2025-08-22 16:49:34) Iterations en 5 secondes :          - i=962
[  info   ] (2025-08-22 16:49:39) Iterations en 5 secondes :          - i=960
[  info   ] (2025-08-22 16:49:44) Iterations en 5 secondes :          - i=969
[  info   ] (2025-08-22 16:49:49) Iterations en 5 secondes :          - i=961
[  info   ] (2025-08-22 16:49:54) Iterations en 5 secondes :          - i=958
[  info   ] (2025-08-22 16:49:59) Iterations en 5 secondes :          - i=959
[  info   ] (2025-08-22 16:50:04) Iterations en 5 secondes :          - i=960
[  info   ] (2025-08-22 16:50:09) Iterations en 5 secondes :          - i=954
[  info   ] (2025-08-22 16:50:14) Iterations en 5 secondes :          - i=961
[  info   ] (2025-08-22 16:50:19) Iterations en 5 secondes :          - i=954
[  info   ] (2025-08-22 16:50:24) Iterations en 5 secondes :          - i=961
[  info   ] (2025-08-22 16:50:29) Iterations en 5 secondes :          - i=956
[  info   ] (2025-08-22 16:50:34) Iterations en 5 secondes :          - i=961
[  info   ] (2025-08-22 16:50:39) Iterations en 5 secondes :          - i=961
[  info   ] (2025-08-22 16:50:44) Iterations en 5 secondes :          - i=963
[  info   ] (2025-08-22 16:50:49) Iterations en 5 secondes :          - i=930
[  info   ] (2025-08-22 16:50:54) Iterations en 5 secondes :          - i=969
[  info   ] (2025-08-22 16:50:59) Iterations en 5 secondes :          - i=924
[  info   ] (2025-08-22 16:51:04) Iterations en 5 secondes :          - i=886
[  info   ] (2025-08-22 16:51:09) Iterations en 5 secondes :          - i=939
[  info   ] (2025-08-22 16:51:14) Iterations en 5 secondes :          - i=936
[  info   ] (2025-08-22 16:51:17) Command entered:                    - input='d[D[D[D[D[D[D[D[D[D[D[D[D[D[D[D[D[D[D[D[D[D[D[D[D[D[D[D[D[D[D[D[D[D[D[D[D[D[D[D[D[D[D[D[D[D[D[D[D[D[D[D[D[D[D[D[D[D[D[D[D[D[D[D[D[D[D[D[D[D[D[D[D[D[D[D[D[D[D[D[D[D[D[D[D[D[D[D[D[D[D[D[D[D[D[D[D[D[D[D[D[D[D[D[D[D[D[D[D[D[D[D[D[D[D[D[D[D[D[D[D[D[D[D[D[D'
[  error  ] (2025-08-22 16:51:17) masthon.Exceptions.CommandNotFound: 'Command `d[D[D[D[D[D[D[D[D[D[D[D[D[D[D[D[D[D[D[D[D[D[D[D[D[D[D[D[D[D[D[D[D[D[D[D[D[D[D[D[D[D[D[D[D[D[D[D[D[D[D[D[D[D[D[D[D[D[D[D[D[D[D[D[D[D[D[D[D[D[D[D[D[D[D[D[D[D[D[D[D[D[D[D[D[D[D[D[D[D[D[D[D[D[D[D[D[D[D[D[D[D[D[D[D[D[D[D[D[D[D[D[D[D[D[D[D[D[D[D[D[D[D[D[D[D` not found. Type help to see commands that you can use `help` or `h`.' - 
[  info   ] (2025-08-22 16:51:19) Iterations en 5 secondes :          - i=957
[  info   ] (2025-08-22 16:51:24) Iterations en 5 secondes :          - i=961
[  info   ] (2025-08-22 16:51:29) Iterations en 5 secondes :          - i=960
[  info   ] (2025-08-22 16:51:34) Iterations en 5 secondes :          - i=960
[  info   ] (2025-08-22 16:51:39) Iterations en 5 secondes :          - i=959
[  info   ] (2025-08-22 16:51:44) Iterations en 5 secondes :          - i=961
[  info   ] (2025-08-22 16:51:49) Iterations en 5 secondes :          - i=959
[  info   ] (2025-08-22 16:51:54) Iterations en 5 secondes :          - i=961
[  info   ] (2025-08-22 16:51:59) Iterations en 5 secondes :          - i=957
[  info   ] (2025-08-22 16:52:04) Iterations en 5 secondes :          - i=961
[  info   ] (2025-08-22 16:52:09) Iterations en 5 secondes :          - i=960
[  info   ] (2025-08-22 16:52:14) Iterations en 5 secondes :          - i=960
[  info   ] (2025-08-22 16:52:19) Iterations en 5 secondes :          - i=961
[  info   ] (2025-08-22 16:52:24) Iterations en 5 secondes :          - i=960
[  info   ] (2025-08-22 16:52:29) Iterations en 5 secondes :          - i=960
[  info   ] (2025-08-22 16:52:34) Iterations en 5 secondes :          - i=961
[  info   ] (2025-08-22 16:52:39) Iterations en 5 secondes :          - i=960
[  info   ] (2025-08-22 16:52:44) Iterations en 5 secondes :          - i=961
[  info   ] (2025-08-22 16:52:49) Iterations en 5 secondes :          - i=961
[  info   ] (2025-08-22 16:52:54) Iterations en 5 secondes :          - i=961
[  info   ] (2025-08-22 16:52:59) Iterations en 5 secondes :          - i=959
[  info   ] (2025-08-22 16:53:03) Command entered:                    - input='stop'
[  info   ] (2025-08-22 16:53:03) Stoped !                            - 
[  debug  ] (2025-08-22 17:05:39) Logger created                      - 
[ warning ] (2025-08-22 17:05:39) Async level unknown, default to `0` - async_level=3
[  info   ] (2025-08-22 17:05:39) Started !                           - 
[  info   ] (2025-08-22 17:05:44) Iterations en 5 secondes :          - i=961
[  info   ] (2025-08-22 17:05:49) Iterations en 5 secondes :          - i=960
[  info   ] (2025-08-22 17:05:50) Command entered:                    - input='stop'
[  info   ] (2025-08-22 17:05:50) Stoped !                            - 
[  debug  ] (2025-08-22 17:06:05) Logger created                      - 
[  info   ] (2025-08-22 17:06:05) Started !                           - 
[  info   ] (2025-08-22 17:06:05) Stoped !                            - 
[  debug  ] (2025-08-22 17:58:33) Logger created                      - 
[  info   ] (2025-08-22 17:58:33) Started !                           - 
[  info   ] (2025-08-22 17:58:39) Iterations en 5 secondes :          - i=950
[  info   ] (2025-08-22 17:58:44) Iterations en 5 secondes :          - i=979
[  info   ] (2025-08-22 17:58:48) Command entered:                    - input='ssssssssssssssssssssssssssssssssssssssssssssssssssssssssssssssssssssssssssssssssssssssssssssssssssssssssssssssssssssssssssssssssssssssssssssssssssssssssssssssssssssssssssssssssssssssssssssssssssssssssss'
[  error  ] (2025-08-22 17:58:48) masthon.Exceptions.CommandNotFound: 'Command `ssssssssssssssssssssssssssssssssssssssssssssssssssssssssssssssssssssssssssssssssssssssssssssssssssssssssssssssssssssssssssssssssssssssssssssssssssssssssssssssssssssssssssssssssssssssssssssssssssssssssss` not found. Type help to see commands that you can use `help` or `h`.' - 
[  info   ] (2025-08-22 17:58:49) Iterations en 5 secondes :          - i=972
[  info   ] (2025-08-22 17:58:54) Iterations en 5 secondes :          - i=956
[  info   ] (2025-08-22 17:58:59) Iterations en 5 secondes :          - i=951
[  info   ] (2025-08-22 17:59:04) Iterations en 5 secondes :          - i=951
[  info   ] (2025-08-22 17:59:09) Iterations en 5 secondes :          - i=960
[  info   ] (2025-08-22 17:59:14) Iterations en 5 secondes :          - i=961
[  info   ] (2025-08-22 17:59:19) Iterations en 5 secondes :          - i=963
[  info   ] (2025-08-22 17:59:24) Iterations en 5 secondes :          - i=959
[  info   ] (2025-08-22 17:59:29) Iterations en 5 secondes :          - i=962
[  info   ] (2025-08-22 17:59:34) Iterations en 5 secondes :          - i=962
[  info   ] (2025-08-22 17:59:39) Iterations en 5 secondes :          - i=962
[  info   ] (2025-08-22 17:59:44) Iterations en 5 secondes :          - i=962
[  info   ] (2025-08-22 17:59:49) Iterations en 5 secondes :          - i=962
[  info   ] (2025-08-22 17:59:54) Iterations en 5 secondes :          - i=961
[  info   ] (2025-08-22 17:59:59) Iterations en 5 secondes :          - i=963
[  info   ] (2025-08-22 18:00:04) Iterations en 5 secondes :          - i=962
[  info   ] (2025-08-22 18:00:09) Iterations en 5 secondes :          - i=962
[  info   ] (2025-08-22 18:00:14) Iterations en 5 secondes :          - i=959
[  info   ] (2025-08-22 18:00:19) Iterations en 5 secondes :          - i=960
[  info   ] (2025-08-22 18:00:24) Iterations en 5 secondes :          - i=958
[  info   ] (2025-08-22 18:00:29) Iterations en 5 secondes :          - i=956
[  info   ] (2025-08-22 18:00:34) Iterations en 5 secondes :          - i=953
[  info   ] (2025-08-22 18:00:39) Iterations en 5 secondes :          - i=955
[  info   ] (2025-08-22 18:00:44) Iterations en 5 secondes :          - i=954
[  info   ] (2025-08-22 18:00:49) Iterations en 5 secondes :          - i=957
[  info   ] (2025-08-22 18:00:54) Iterations en 5 secondes :          - i=961
[  info   ] (2025-08-22 18:00:59) Iterations en 5 secondes :          - i=956
[  info   ] (2025-08-22 18:01:04) Iterations en 5 secondes :          - i=958
[  info   ] (2025-08-22 18:01:09) Iterations en 5 secondes :          - i=962
[  info   ] (2025-08-22 18:01:14) Iterations en 5 secondes :          - i=962
[  info   ] (2025-08-22 18:01:19) Iterations en 5 secondes :          - i=962
[  info   ] (2025-08-22 18:01:24) Iterations en 5 secondes :          - i=963
[  info   ] (2025-08-22 18:01:29) Iterations en 5 secondes :          - i=958
[  info   ] (2025-08-22 18:01:34) Iterations en 5 secondes :          - i=953
[  info   ] (2025-08-22 18:01:39) Iterations en 5 secondes :          - i=962
[  info   ] (2025-08-22 18:01:44) Iterations en 5 secondes :          - i=950
[  info   ] (2025-08-22 18:01:49) Iterations en 5 secondes :          - i=947
[  info   ] (2025-08-22 18:01:54) Iterations en 5 secondes :          - i=957
[  info   ] (2025-08-22 18:01:59) Iterations en 5 secondes :          - i=963
[  info   ] (2025-08-22 18:02:04) Iterations en 5 secondes :          - i=960
[  info   ] (2025-08-22 18:02:09) Iterations en 5 secondes :          - i=953
[  info   ] (2025-08-22 18:02:14) Iterations en 5 secondes :          - i=945
[  info   ] (2025-08-22 18:02:19) Iterations en 5 secondes :          - i=957
[  info   ] (2025-08-22 18:02:24) Iterations en 5 secondes :          - i=955
[  info   ] (2025-08-22 18:02:29) Iterations en 5 secondes :          - i=961
[  info   ] (2025-08-22 18:02:34) Iterations en 5 secondes :          - i=958
[  info   ] (2025-08-22 18:02:39) Iterations en 5 secondes :          - i=959
[  info   ] (2025-08-22 18:02:44) Iterations en 5 secondes :          - i=961
[  info   ] (2025-08-22 18:02:49) Iterations en 5 secondes :          - i=961
[  info   ] (2025-08-22 18:02:54) Iterations en 5 secondes :          - i=960
[  info   ] (2025-08-22 18:02:59) Iterations en 5 secondes :          - i=949
[  info   ] (2025-08-22 18:03:04) Iterations en 5 secondes :          - i=951
[  info   ] (2025-08-22 18:03:09) Iterations en 5 secondes :          - i=960
[  info   ] (2025-08-22 18:03:14) Iterations en 5 secondes :          - i=960
[  info   ] (2025-08-22 18:03:19) Iterations en 5 secondes :          - i=949
[  info   ] (2025-08-22 18:03:24) Iterations en 5 secondes :          - i=938
[  info   ] (2025-08-22 18:03:29) Iterations en 5 secondes :          - i=925
[  info   ] (2025-08-22 18:03:34) Iterations en 5 secondes :          - i=947
[  info   ] (2025-08-22 18:03:39) Iterations en 5 secondes :          - i=947
[  info   ] (2025-08-22 18:03:44) Iterations en 5 secondes :          - i=948
[  info   ] (2025-08-22 18:03:49) Iterations en 5 secondes :          - i=948
[  info   ] (2025-08-22 18:03:54) Iterations en 5 secondes :          - i=951
[  info   ] (2025-08-22 18:03:59) Iterations en 5 secondes :          - i=949
[  info   ] (2025-08-22 18:04:04) Iterations en 5 secondes :          - i=944
[  info   ] (2025-08-22 18:04:09) Iterations en 5 secondes :          - i=958
[  info   ] (2025-08-22 18:04:14) Iterations en 5 secondes :          - i=954
[  info   ] (2025-08-22 18:04:19) Iterations en 5 secondes :          - i=959
[  info   ] (2025-08-22 18:04:24) Iterations en 5 secondes :          - i=955
[  info   ] (2025-08-22 18:04:29) Iterations en 5 secondes :          - i=949
[  info   ] (2025-08-22 18:04:34) Iterations en 5 secondes :          - i=953
[  info   ] (2025-08-22 18:04:39) Iterations en 5 secondes :          - i=947
[  info   ] (2025-08-22 18:04:44) Iterations en 5 secondes :          - i=948
[  info   ] (2025-08-22 18:04:49) Iterations en 5 secondes :          - i=939
[  info   ] (2025-08-22 18:04:54) Iterations en 5 secondes :          - i=947
[  info   ] (2025-08-22 18:04:59) Iterations en 5 secondes :          - i=953
[  info   ] (2025-08-22 18:05:04) Iterations en 5 secondes :          - i=943
[  info   ] (2025-08-22 18:05:09) Iterations en 5 secondes :          - i=941
[  info   ] (2025-08-22 18:05:14) Iterations en 5 secondes :          - i=940
[  info   ] (2025-08-22 18:05:19) Iterations en 5 secondes :          - i=928
[  info   ] (2025-08-22 18:05:24) Iterations en 5 secondes :          - i=940
[  info   ] (2025-08-22 18:05:29) Iterations en 5 secondes :          - i=947
[  info   ] (2025-08-22 18:05:34) Iterations en 5 secondes :          - i=951
[  info   ] (2025-08-22 18:05:39) Iterations en 5 secondes :          - i=961
[  info   ] (2025-08-22 18:05:44) Iterations en 5 secondes :          - i=962
[  info   ] (2025-08-22 18:05:49) Iterations en 5 secondes :          - i=959
[  info   ] (2025-08-22 18:05:54) Iterations en 5 secondes :          - i=936
[  info   ] (2025-08-22 18:05:59) Iterations en 5 secondes :          - i=961
[  info   ] (2025-08-22 18:06:04) Iterations en 5 secondes :          - i=958
[  info   ] (2025-08-22 18:06:09) Iterations en 5 secondes :          - i=946
[  info   ] (2025-08-22 18:06:14) Iterations en 5 secondes :          - i=927
[  info   ] (2025-08-22 18:06:19) Iterations en 5 secondes :          - i=927
[  info   ] (2025-08-22 18:06:24) Iterations en 5 secondes :          - i=936
[  info   ] (2025-08-22 18:06:29) Iterations en 5 secondes :          - i=934
[  info   ] (2025-08-22 18:06:34) Iterations en 5 secondes :          - i=933
[  info   ] (2025-08-22 18:06:39) Iterations en 5 secondes :          - i=930
[  info   ] (2025-08-22 18:06:44) Iterations en 5 secondes :          - i=926
[  info   ] (2025-08-22 18:06:49) Iterations en 5 secondes :          - i=929
[  info   ] (2025-08-22 18:06:54) Iterations en 5 secondes :          - i=935
[  info   ] (2025-08-22 18:06:59) Iterations en 5 secondes :          - i=928
[  info   ] (2025-08-22 18:07:04) Iterations en 5 secondes :          - i=926
[  info   ] (2025-08-22 18:07:09) Iterations en 5 secondes :          - i=933
[  info   ] (2025-08-22 18:07:14) Iterations en 5 secondes :          - i=951
[  info   ] (2025-08-22 18:07:19) Iterations en 5 secondes :          - i=955
[  info   ] (2025-08-22 18:07:24) Iterations en 5 secondes :          - i=947
[  info   ] (2025-08-22 18:07:29) Iterations en 5 secondes :          - i=959
[  info   ] (2025-08-22 18:07:34) Iterations en 5 secondes :          - i=964
[  info   ] (2025-08-22 18:07:39) Iterations en 5 secondes :          - i=964
[  info   ] (2025-08-22 18:07:44) Iterations en 5 secondes :          - i=964
[  info   ] (2025-08-22 18:07:48) Command entered:                    - input=''
[  error  ] (2025-08-22 18:07:48) masthon.Exceptions.CommandNotFound: 'Command `` not found. Type help to see commands that you can use `help` or `h`.' - 
[  info   ] (2025-08-22 18:07:48) Command entered:                    - input=''
[  error  ] (2025-08-22 18:07:48) masthon.Exceptions.CommandNotFound: 'Command `` not found. Type help to see commands that you can use `help` or `h`.' - 
[  info   ] (2025-08-22 18:07:49) Iterations en 5 secondes :          - i=954
[  info   ] (2025-08-22 18:07:52) Command entered:                    - input='test'
[ warning ] (2025-08-22 18:07:52) Deprecated use of function __main__.test() - 
[  error  ] (2025-08-22 18:07:52) masthon.Exceptions.CommandExecutionError: 'An exception as occured while executing the command named `test`.' TypeError("test() missing 1 required positional argument: 't'") - 
[  info   ] (2025-08-22 18:07:54) Command entered:                    - input='stop'
[  info   ] (2025-08-22 18:07:54) Stoped !                            - 
[  debug  ] (2025-09-05 17:19:22) Logger created                      - 
[  info   ] (2025-09-05 17:19:22) Started !                           - 
[  info   ] (2025-09-05 17:19:27) Iterations en 5 secondes :          - i=958
[  info   ] (2025-09-05 17:19:32) Iterations en 5 secondes :          - i=958
[  info   ] (2025-09-05 17:19:37) Iterations en 5 secondes :          - i=955
[  info   ] (2025-09-05 17:19:39) Command entered:                    - input='test'
[ warning ] (2025-09-05 17:19:39) Deprecated use of function __main__.test() - 
[  error  ] (2025-09-05 17:19:39) masthon.Exceptions.CommandExecutionError: 'An exception as occured while executing the command named `test`.' - 
[  info   ] (2025-09-05 17:19:42) Iterations en 5 secondes :          - i=956
[  info   ] (2025-09-05 17:19:47) Iterations en 5 secondes :          - i=957
[  info   ] (2025-09-05 17:19:51) Command entered:                    - input='test blblb*'
[ warning ] (2025-09-05 17:19:51) Deprecated use of function __main__.test() - 
[critical ] (2025-09-05 17:19:51) What's going on ???                 - t='blblb*'
[  info   ] (2025-09-05 17:19:52) Iterations en 5 secondes :          - i=960
[  info   ] (2025-09-05 17:19:57) Iterations en 5 secondes :          - i=958
[  info   ] (2025-09-05 17:20:02) Iterations en 5 secondes :          - i=960
[  info   ] (2025-09-05 17:20:07) Iterations en 5 secondes :          - i=959
[  info   ] (2025-09-05 17:20:12) Iterations en 5 secondes :          - i=960
[  info   ] (2025-09-05 17:20:17) Iterations en 5 secondes :          - i=960
[  info   ] (2025-09-05 17:20:22) Iterations en 5 secondes :          - i=961
[  info   ] (2025-09-05 17:20:27) Iterations en 5 secondes :          - i=961
[  info   ] (2025-09-05 17:20:32) Iterations en 5 secondes :          - i=956
[  info   ] (2025-09-05 17:20:37) Iterations en 5 secondes :          - i=961
[  info   ] (2025-09-05 17:20:42) Iterations en 5 secondes :          - i=960
[  info   ] (2025-09-05 17:20:47) Iterations en 5 secondes :          - i=958
[  info   ] (2025-09-05 17:20:52) Iterations en 5 secondes :          - i=960
[  info   ] (2025-09-05 17:20:57) Iterations en 5 secondes :          - i=957
[  info   ] (2025-09-05 17:21:02) Iterations en 5 secondes :          - i=959
[  info   ] (2025-09-05 17:21:07) Iterations en 5 secondes :          - i=959
[  info   ] (2025-09-05 17:21:12) Iterations en 5 secondes :          - i=959
[  info   ] (2025-09-05 17:21:17) Iterations en 5 secondes :          - i=960
[  info   ] (2025-09-05 17:21:22) Iterations en 5 secondes :          - i=960
[  info   ] (2025-09-05 17:21:27) Iterations en 5 secondes :          - i=960
[  info   ] (2025-09-05 17:21:32) Iterations en 5 secondes :          - i=960
[  info   ] (2025-09-05 17:21:37) Iterations en 5 secondes :          - i=960
[  info   ] (2025-09-05 17:21:42) Iterations en 5 secondes :          - i=957
[  info   ] (2025-09-05 17:21:47) Iterations en 5 secondes :          - i=958
[  info   ] (2025-09-05 17:21:52) Iterations en 5 secondes :          - i=958
[  info   ] (2025-09-05 17:21:57) Iterations en 5 secondes :          - i=959
[  info   ] (2025-09-05 17:22:02) Iterations en 5 secondes :          - i=961
[  info   ] (2025-09-05 17:22:07) Iterations en 5 secondes :          - i=959
[  info   ] (2025-09-05 17:22:12) Iterations en 5 secondes :          - i=957
[  info   ] (2025-09-05 17:22:17) Iterations en 5 secondes :          - i=956
[  info   ] (2025-09-05 17:22:22) Iterations en 5 secondes :          - i=958
[  info   ] (2025-09-05 17:22:27) Iterations en 5 secondes :          - i=960
[  info   ] (2025-09-05 17:22:32) Iterations en 5 secondes :          - i=960
[  info   ] (2025-09-05 17:22:37) Iterations en 5 secondes :          - i=960
[  info   ] (2025-09-05 17:22:42) Iterations en 5 secondes :          - i=959
[  info   ] (2025-09-05 17:22:47) Iterations en 5 secondes :          - i=958
[  info   ] (2025-09-05 17:22:52) Iterations en 5 secondes :          - i=959
[  info   ] (2025-09-05 17:22:57) Iterations en 5 secondes :          - i=957
[  info   ] (2025-09-05 17:22:57) Command entered:                    - input='test lizu'
[ warning ] (2025-09-05 17:22:57) Deprecated use of function __main__.test() - 
[critical ] (2025-09-05 17:22:57) What's going on ???                 - t='lizu'
[  info   ] (2025-09-05 17:23:02) Iterations en 5 secondes :          - i=951
[  info   ] (2025-09-05 17:23:07) Iterations en 5 secondes :          - i=960
[  info   ] (2025-09-05 17:23:10) Command entered:                    - input='TEST blblblbblbl'
[  error  ] (2025-09-05 17:23:10) masthon.Exceptions.CommandNotFound: 'Command `TEST` not found. Type help to see commands that you can use `help` or `h`.' - 
[  info   ] (2025-09-05 17:23:12) Iterations en 5 secondes :          - i=960
[  info   ] (2025-09-05 17:23:17) Iterations en 5 secondes :          - i=960
[  info   ] (2025-09-05 17:23:22) Iterations en 5 secondes :          - i=959
[  info   ] (2025-09-05 17:23:27) Iterations en 5 secondes :          - i=958
[  info   ] (2025-09-05 17:23:32) Iterations en 5 secondes :          - i=958
[  info   ] (2025-09-05 17:23:37) Iterations en 5 secondes :          - i=960
[  info   ] (2025-09-05 17:23:41) Command entered:                    - input='stop'
[  info   ] (2025-09-05 17:23:41) Stoped !                            - 
[  debug  ] (2025-09-05 17:26:19) Logger created                      - 
[  info   ] (2025-09-05 17:26:19) Started !                           - 
[  info   ] (2025-09-05 17:26:24) Iterations en 5 secondes :          - i=960
[  info   ] (2025-09-05 17:26:29) Iterations en 5 secondes :          - i=962
[  info   ] (2025-09-05 17:26:31) Command entered:                    - input='test blbl'
[ warning ] (2025-09-05 17:26:31) Deprecated use of function __main__.test() - 
[critical ] (2025-09-05 17:26:31) What's going on ???                 - t='blbl'
[  info   ] (2025-09-05 17:26:34) Iterations en 5 secondes :          - i=956
[  info   ] (2025-09-05 17:26:39) Iterations en 5 secondes :          - i=958
[  info   ] (2025-09-05 17:26:43) Command entered:                    - input='strop'
[  error  ] (2025-09-05 17:26:43) masthon.Exceptions.CommandNotFound: 'Command `strop` not found. Type help to see commands that you can use `help` or `h`.' - 
[  info   ] (2025-09-05 17:26:44) Iterations en 5 secondes :          - i=956
[  info   ] (2025-09-05 17:26:45) Command entered:                    - input='stop'
[  info   ] (2025-09-05 17:26:45) Stoped !                            - 
[  debug  ] (2025-09-05 17:26:45) ! Called masthon.Client._raw_request() - args=(Client(token=f'{SECRET_TOKEN}', server='https://mastodon.social'), '/api/v1/statuses') . kwargs={'method': <RequestMethod.POST: 'post'>, 'status': 'Hi everyone !', 'visibility': 'unlisted', 'additional_data': {'media_ids[]': []}, 'in_reply_to_id': None, 'sensitive': None, 'language': 'en'}
[  debug  ] (2025-09-05 17:26:45) > masthon.Client._raw_request() returned  - return_value=<Response [200]>
[  debug  ] (2025-09-05 17:38:11) Logger created                      - 
[  info   ] (2025-09-05 17:38:11) Started !                           - 
[  info   ] (2025-09-05 17:38:16) Iterations en 5 secondes :          - i=962
[  info   ] (2025-09-05 17:38:17) Command entered:                    - input='stop'
[  info   ] (2025-09-05 17:38:17) Stoped !                            - 
[  debug  ] (2025-09-05 17:38:17) ! Called masthon.Client._raw_request() - args=(Client(token=f'{SECRET_TOKEN}', server='https://mastodon.social'), '/api/v1/statuses') . kwargs={'method': <RequestMethod.POST: 'post'>, 'status': 'Hi everyone !', 'visibility': 'unlisted', 'additional_data': {'media_ids[]': []}, 'in_reply_to_id': None, 'sensitive': None, 'language': 'en'}
[  debug  ] (2025-09-05 17:38:17) > masthon.Client._raw_request() returned  - return_value=<Response [200]>
[  debug  ] (2025-09-05 17:38:17) > masthon.Client.post_status() returned  - return_value=Status(id='115152433819852356', uri='https://mastodon.social/users/masthon/statuses/115152433819852356', created_at='2025-09-05T15:38:17.692Z', account=Account(id='115000705953542244', username='masthon', acct='masthon', url='https://mastodon.social/@masthon', display_name='Masthon Dev Bot', note='<p><span class="h-card" translate="no"><a href="https://mastodon.social/@gator3000" class="u-url mention">@<span>gator3000</span></a></span></p>', avatar='https://files.mastodon.social/accounts/avatars/115/000/705/953/542/244/original/44f54bf98d6b1a66.png', avatar_static='https://files.mastodon.social/accounts/avatars/115/000/705/953/542/244/original/44f54bf98d6b1a66.png', header='https://files.mastodon.social/accounts/headers/115/000/705/953/542/244/original/efbc710a350f78c9.png', header_static='https://files.mastodon.social/accounts/headers/115/000/705/953/542/244/original/efbc710a350f78c9.png', locked=False, fields=[], emojis=[], bot=True, created_at='2025-08-09T00:00:00.000Z', statuses_count=1, followers_count=1, following_count=3, last_status_at=datetime.datetime(2025, 9, 5, 0, 0), noindex=False, moved=None, suspended=None, limited=None, group=False, discoverable=True, attribution_domains=None, source=None, role=None, mute_expires_at=None, indexable=True, uri='https://mastodon.social/users/masthon', hide_collections=None, roles=[]), content='<p>Hi everyone !</p>', visibility=<Visibility.UNLISTED: 'unlisted'>, sensitive=False, spoiler_text='', media_attachments=[], mentions=[], tags=[], emojis=[], reblogs_count=0, favourites_count=0, replies_count=0, application=Application(name='Public Masthon"s Developpers App', scopes=None, redirect_uris=None, website='https://gitlab.com/gator3000/masthon.git', redirect_uri=None, vapid_key=None, client_id=None, client_secret=None, client_secret_expires_at=None), url='https://mastodon.social/@masthon/115152433819852356', in_reply_to_id=None, in_reply_to_account_id=None, reblog=None, poll=None, card=None, language='en', text=None, edited_at=None, favourited=False, reblogged=False, muted=False, bookmarked=False, pinned=False, filtered=[], quote=None, quotes_count=0)
